Brand,Battery capacity (mAh),Screen size (inches),Touchscreen,Resolution x,Resolution y,Processor,RAM (MB),Internal storage (GB),Rear camera,Front camera,Operating system,Wi-Fi,Bluetooth,GPS,Number of SIMs,3G,4G/ LTE,Price
Realme,5000,6.52,Yes,720,1600,8,4000,64.0,12.0,8.0,Android,Yes,Yes,Yes,2,Yes,Yes,8999
Lenovo,2000,4.5,Yes,480,854,4,1000,8.0,5.0,2.0,Android,Yes,Yes,Yes,2,No,No,6450
Gionee,1950,5.0,Yes,480,854,4,1000,8.0,5.0,2.0,Android,Yes,Yes,Yes,2,Yes,No,4150
Panasonic,3500,5.5,Yes,720,1280,8,2000,16.0,13.0,8.0,Android,Yes,Yes,Yes,2,Yes,Yes,4500
BlackBerry,2880,5.0,Yes,720,1280,2,2000,16.0,8.0,2.0,BlackBerry,Yes,Yes,Yes,1,Yes,Yes,8300
HTC,2600,5.5,Yes,720,1280,8,2000,16.0,13.0,8.0,Android,Yes,Yes,Yes,2,Yes,Yes,25999
Xolo,3200,5.5,Yes,1080,1920,8,2000,16.0,13.0,5.0,Android,Yes,Yes,Yes,2,Yes,Yes,11936
Lenovo,4000,5.0,Yes,720,1280,4,1000,4.0,8.0,0.3,Android,Yes,Yes,Yes,2,Yes,No,15410
Micromax,3000,5.5,Yes,1080,1920,8,3000,32.0,13.0,5.0,Android,Yes,Yes,Yes,1,Yes,Yes,4499
Oppo,3200,5.5,Yes,1080,1920,8,4000,64.0,13.0,16.0,Android,Yes,Yes,Yes,2,Yes,Yes,11990
Panasonic,2150,5.0,Yes,720,1280,4,1000,8.0,8.0,2.0,Android,Yes,Yes,Yes,2,Yes,No,3899
Motorola,2350,5.0,Yes,480,854,4,1000,8.0,5.0,2.0,Android,Yes,Yes,Yes,2,Yes,No,5499
Asus,2500,5.0,Yes,720,1280,4,2000,16.0,8.0,5.0,Android,Yes,Yes,Yes,2,Yes,Yes,4990
Other,2300,4.0,Yes,480,800,4,1000,8.0,5.0,2.0,Android,Yes,Yes,No,1,Yes,Yes,2499
Gionee,2050,4.8,Yes,720,1280,8,1000,16.0,8.0,5.0,Android,Yes,Yes,Yes,1,Yes,No,5499
Xolo,1920,5.0,Yes,720,1280,8,2000,16.0,8.0,2.0,Android,Yes,Yes,Yes,2,Yes,No,5499
Other,2300,5.0,Yes,1080,1920,8,2000,16.0,13.0,5.0,Android,Yes,Yes,Yes,2,Yes,Yes,3238
Samsung,5000,6.3,Yes,1080,2340,8,3000,32.0,13.0,8.0,Android,No,Yes,Yes,2,Yes,Yes,9999
Videocon,3000,5.0,Yes,480,854,4,1000,8.0,5.0,2.0,Android,Yes,Yes,Yes,2,Yes,No,4006
Nubia,5000,5.5,Yes,1080,1920,8,3000,32.0,13.0,13.0,Android,Yes,Yes,Yes,2,Yes,Yes,11999
Other,3000,5.5,Yes,720,1280,4,2000,16.0,13.0,5.0,Android,Yes,Yes,No,1,Yes,Yes,6449
Lava,1850,4.5,Yes,480,800,4,1000,8.0,5.0,5.0,Android,Yes,Yes,Yes,2,No,No,5599
InFocus,2600,5.5,Yes,1080,1920,8,3000,16.0,13.0,13.0,Android,Yes,Yes,Yes,2,Yes,Yes,6000
Gionee,5000,5.0,Yes,720,1280,4,2000,16.0,8.0,5.0,Android,Yes,Yes,Yes,2,Yes,Yes,4400
Swipe,2500,5.0,Yes,720,1280,4,3000,32.0,13.0,8.0,Android,Yes,No,Yes,2,Yes,Yes,4399
Intex,2500,5.0,Yes,720,1280,4,1000,8.0,8.0,5.0,Android,Yes,Yes,Yes,2,Yes,Yes,6199
Intex,2400,5.0,Yes,720,1280,4,2000,16.0,8.0,8.0,Android,Yes,Yes,Yes,2,Yes,Yes,6999
Lenovo,2900,5.0,Yes,1080,1920,8,3000,32.0,16.0,8.0,Android,Yes,Yes,Yes,2,Yes,Yes,9799
Intex,2450,5.0,Yes,480,854,4,1000,8.0,5.0,5.0,Android,Yes,Yes,Yes,2,Yes,No,3999
Oppo,3730,6.42,Yes,1080,2340,8,8000,256.0,16.0,25.0,Android,Yes,Yes,Yes,2,Yes,Yes,59090
BlackBerry,1450,2.8,Yes,360,480,1,512,0.512,5.0,0.0,BlackBerry,Yes,Yes,Yes,1,Yes,No,7500
Other,3200,5.45,Yes,720,1440,4,2000,16.0,13.0,5.0,Android,Yes,Yes,Yes,2,Yes,Yes,4999
Micromax,2500,5.5,Yes,720,1280,4,3000,16.0,13.0,5.0,Android,Yes,Yes,Yes,2,Yes,Yes,4790
Gionee,5000,6.0,Yes,720,1440,8,4000,64.0,13.0,8.0,Android,Yes,Yes,Yes,2,Yes,Yes,8890
Intex,1400,4.0,Yes,480,800,4,1000,8.0,2.0,0.3,Android,Yes,Yes,Yes,2,Yes,Yes,2590
Intex,2500,5.0,Yes,720,1280,4,1000,8.0,5.0,5.0,Android,Yes,Yes,Yes,2,Yes,Yes,5429
Samsung,4000,6.2,Yes,1440,3200,8,8000,128.0,12.0,10.0,Android,Yes,Yes,Yes,2,Yes,Yes,66999
Lyf,1500,4.0,Yes,480,800,4,1000,8.0,5.0,2.0,Android,Yes,Yes,Yes,2,Yes,Yes,3599
Xiaomi,4000,5.45,Yes,720,1440,8,2000,16.0,12.0,5.0,Android,Yes,Yes,Yes,2,Yes,Yes,5499
Alcatel,4000,6.2,Yes,720,1500,8,3000,32.0,12.0,8.0,Android,Yes,Yes,Yes,1,No,No,12999
Honor,3000,5.7,Yes,720,1440,8,2000,32.0,13.0,8.0,Android,Yes,Yes,Yes,2,Yes,Yes,6999
Lava,2350,5.0,Yes,720,1280,4,1000,8.0,8.0,5.0,Android,Yes,Yes,Yes,2,Yes,Yes,6600
Nokia,3060,5.8,Yes,1080,2280,8,4000,64.0,16.0,16.0,Android,Yes,Yes,Yes,2,Yes,Yes,8999
Asus,5000,5.5,Yes,720,1280,4,2000,16.0,13.0,5.0,Android,Yes,Yes,Yes,2,Yes,Yes,4999
Nubia,3000,5.5,Yes,1080,1920,4,6000,64.0,16.0,8.0,Android,Yes,Yes,Yes,2,Yes,Yes,20999
Karbonn,2300,5.0,Yes,720,1280,4,1000,8.0,5.0,5.0,Android,Yes,Yes,Yes,2,Yes,Yes,3399
Zopo,2300,5.5,Yes,720,1280,4,2000,16.0,8.0,5.0,Android,Yes,Yes,Yes,2,Yes,Yes,4598
Micromax,2000,4.7,Yes,480,800,4,1000,4.0,5.0,2.0,Android,Yes,Yes,Yes,2,Yes,No,8999
Karbonn,2000,5.0,No,1280,720,4,1000,8.0,8.0,3.2,Android,Yes,Yes,No,2,Yes,No,3279
Xiaomi,4500,6.53,Yes,1080,2340,8,6000,64.0,64.0,20.0,Android,Yes,Yes,Yes,2,Yes,Yes,13999
Oppo,3700,6.4,Yes,1080,2340,8,8000,128.0,12.0,25.0,Android,Yes,Yes,Yes,2,Yes,Yes,21299
Other,4500,6.67,Yes,1080,2400,8,6000,64.0,64.0,20.0,Android,Yes,Yes,Yes,2,Yes,Yes,15999
Samsung,3300,6.0,Yes,720,1480,4,4000,64.0,13.0,8.0,Android,Yes,Yes,Yes,1,No,No,11999
LG,2700,5.2,Yes,1080,1920,6,2000,16.0,12.3,5.0,Android,Yes,Yes,Yes,1,Yes,Yes,25990
InFocus,2450,5.2,Yes,1080,1920,8,2000,16.0,13.0,5.0,Android,Yes,Yes,No,1,Yes,Yes,4490
OnePlus,3300,6.28,Yes,1080,2280,8,6000,64.0,16.0,16.0,Android,Yes,Yes,Yes,2,Yes,Yes,34999
Lava,3020,5.5,Yes,720,1280,8,4000,32.0,13.0,8.0,Android,Yes,Yes,Yes,2,Yes,Yes,12000
Swipe,1800,4.0,Yes,480,854,4,1000,16.0,5.0,1.3,Android,Yes,Yes,No,2,Yes,Yes,2690
Samsung,3700,6.28,Yes,1880,2220,8,6000,64.0,16.0,24.0,Android,Yes,Yes,Yes,2,No,No,20800
Gionee,4550,6.0,Yes,1080,1920,8,4000,64.0,13.0,20.0,Android,Yes,Yes,Yes,2,Yes,Yes,994
Samsung,5000,6.4,Yes,1080,2340,8,3000,32.0,13.0,16.0,Android,Yes,Yes,Yes,2,Yes,Yes,9499
Zen,2000,4.5,Yes,480,854,4,512,8.0,5.0,1.3,Android,Yes,Yes,Yes,2,Yes,No,2799
Intex,2000,5.0,Yes,480,854,4,512,8.0,8.0,2.0,Android,Yes,Yes,Yes,2,Yes,No,3699
Apple,1821,4.7,Yes,750,1334,6,2000,64.0,12.0,7.0,iOS,Yes,Yes,Yes,1,Yes,Yes,36999
Lenovo,4000,5.2,Yes,1080,1920,8,3000,32.0,13.0,8.0,Android,Yes,Yes,Yes,2,Yes,Yes,6990
Other,3000,5.5,Yes,1080,1920,8,3000,32.0,13.0,5.0,Android,Yes,Yes,Yes,2,Yes,Yes,7990
Panasonic,2000,5.0,Yes,720,1280,4,1000,16.0,8.0,2.0,Android,Yes,Yes,Yes,2,No,Yes,6998
Panasonic,3000,5.2,Yes,1080,1920,8,4000,32.0,16.0,8.0,Android,Yes,Yes,Yes,2,Yes,Yes,11499
Other,3500,5.2,Yes,720,1280,4,2000,16.0,13.0,5.0,Android,Yes,Yes,Yes,2,Yes,Yes,4999
Micromax,2000,4.7,Yes,480,800,4,1000,8.0,8.0,2.0,Android,Yes,Yes,Yes,2,Yes,No,3999
Samsung,2100,4.8,Yes,720,1280,4,1000,16.0,8.0,1.9,Android,Yes,Yes,Yes,1,Yes,Yes,5999
Karbonn,1800,4.7,Yes,720,1280,4,1000,8.0,8.0,5.0,Android,Yes,Yes,Yes,2,Yes,No,7000
Sony,1320,3.5,Yes,480,854,2,512,8.0,5.0,0.3,Android,Yes,Yes,Yes,1,Yes,No,4990
Intex,2000,4.0,No,480,800,4,512,4.0,5.0,0.3,Android,Yes,Yes,No,1,No,No,4999
Micromax,3950,6.09,Yes,720,1560,8,2000,16.0,13.0,5.0,Android,Yes,Yes,Yes,2,Yes,Yes,6694
Samsung,3000,5.8,Yes,1440,2960,8,4000,64.0,12.0,8.0,Android,Yes,Yes,Yes,1,Yes,Yes,26994
Sony,3580,6.0,Yes,1080,1920,8,4000,32.0,23.0,16.0,Android,Yes,Yes,Yes,2,Yes,Yes,74164
Nokia,2630,5.0,Yes,720,1280,4,2000,16.0,8.0,8.0,Android,Yes,Yes,Yes,2,Yes,Yes,6900
Lava,2500,5.0,Yes,720,1280,4,3000,16.0,8.0,5.0,Android,Yes,Yes,Yes,2,Yes,Yes,4725
Asus,3000,5.5,Yes,1080,1920,4,4000,64.0,13.0,5.0,Android,Yes,Yes,Yes,2,Yes,Yes,16999
Google,3700,6.0,Yes,1080,2160,8,4000,64.0,12.2,8.0,Android,Yes,Yes,Yes,1,Yes,Yes,34999
Swipe,2000,4.0,Yes,480,800,4,1000,8.0,5.0,1.3,Android,Yes,Yes,Yes,2,Yes,Yes,3999
OnePlus,3400,5.5,Yes,1080,1920,4,6000,64.0,16.0,16.0,Android,Yes,Yes,Yes,2,Yes,Yes,19999
HTC,2700,5.5,Yes,720,1280,4,2000,16.0,13.0,5.0,Android,Yes,Yes,Yes,2,Yes,Yes,7890
OnePlus,3700,6.41,Yes,1080,2340,8,6000,128.0,16.0,16.0,Android,Yes,Yes,Yes,2,Yes,Yes,31999
Intex,2500,5.0,Yes,480,854,4,512,8.0,2.0,0.3,Android,Yes,Yes,Yes,2,Yes,No,2658
Nokia,1300,3.7,Yes,480,800,1,256,8.0,5.0,0.0,Windows,Yes,Yes,Yes,1,Yes,No,4990
HTC,2800,5.5,Yes,720,1280,8,1000,16.0,13.0,5.0,Android,Yes,Yes,Yes,2,Yes,No,11586
Lenovo,4000,5.5,Yes,1080,1920,10,3000,32.0,13.0,13.0,Android,Yes,Yes,Yes,2,Yes,Yes,7299
Alcatel,4000,5.5,Yes,1080,1920,8,3000,32.0,16.0,8.0,Android,Yes,Yes,Yes,1,No,Yes,8999
Swipe,2500,5.0,Yes,480,854,4,1000,8.0,8.0,5.0,Android,Yes,Yes,Yes,2,Yes,Yes,3499
Other,2100,4.7,Yes,720,1280,4,1000,8.0,5.0,2.0,Windows,Yes,Yes,Yes,1,Yes,Yes,5398
InFocus,2300,4.5,Yes,850,480,4,1000,8.0,8.0,5.0,Android,Yes,Yes,Yes,2,Yes,Yes,4490
Samsung,3000,5.6,Yes,720,1480,8,4000,64.0,13.0,8.0,Android,Yes,Yes,No,2,Yes,Yes,17600
Samsung,3300,5.5,Yes,1080,1920,8,3000,32.0,13.0,13.0,Android,Yes,Yes,Yes,2,Yes,Yes,10990
Xiaomi,4000,6.3,Yes,1080,2340,8,4000,64.0,48.0,13.0,Android,Yes,Yes,Yes,2,Yes,Yes,9799
iBall,3000,6.0,Yes,720,1280,4,1000,8.0,8.0,5.0,Android,Yes,Yes,No,2,Yes,No,5000
Intex,2800,5.0,Yes,480,854,4,2000,16.0,5.0,2.0,Android,Yes,Yes,Yes,2,Yes,Yes,5949
Other,2500,5.0,Yes,720,1440,4,1000,16.0,8.0,5.0,Android,Yes,Yes,Yes,2,Yes,Yes,6499
Xiaomi,3100,5.5,Yes,720,1280,4,2000,16.0,13.0,5.0,Android,Yes,Yes,Yes,2,Yes,Yes,8999
Meizu,3010,6.0,Yes,1080,2160,8,6000,64.0,12.0,20.0,Android,Yes,Yes,Yes,2,Yes,Yes,19490
Intex,2300,5.0,Yes,720,1280,4,3000,16.0,13.0,5.0,Android,Yes,Yes,Yes,2,Yes,Yes,6999
Honor,3340,5.5,Yes,1080,1920,8,3000,32.0,12.0,8.0,Android,Yes,Yes,Yes,2,Yes,Yes,13999
Vivo,4100,6.44,Yes,1080,2400,8,8000,128.0,48.0,32.0,Android,Yes,Yes,Yes,2,Yes,Yes,26220
Gionee,5020,6.0,Yes,1080,1920,8,3000,64.0,13.0,5.0,Android,Yes,Yes,Yes,2,Yes,Yes,23900
Panasonic,4000,5.5,Yes,720,1280,4,3000,32.0,13.0,5.0,Android,Yes,Yes,Yes,2,Yes,Yes,5930
HTC,2800,5.5,Yes,720,1280,8,2000,16.0,13.0,5.0,Android,Yes,Yes,Yes,2,No,Yes,5999
Huawei,3450,5.7,Yes,1440,2560,8,3000,32.0,12.3,8.0,Android,Yes,Yes,Yes,1,Yes,Yes,42998
Lava,2000,4.5,Yes,480,854,4,1000,8.0,5.0,5.0,Android,Yes,Yes,Yes,2,Yes,Yes,4540
Micromax,2000,5.0,No,480,854,4,1000,8.0,5.0,5.0,Android,Yes,Yes,Yes,2,Yes,No,6999
Intex,2000,5.0,Yes,480,854,4,1000,8.0,5.0,2.0,Android,Yes,Yes,Yes,2,Yes,Yes,4400
Vivo,3225,6.0,Yes,720,1440,8,4000,32.0,16.0,24.0,Android,Yes,Yes,Yes,1,No,No,7994
OnePlus,3300,6.01,Yes,1080,2160,8,6000,64.0,16.0,16.0,Android,Yes,Yes,Yes,2,Yes,Yes,28499
Vivo,3055,5.5,Yes,1080,1920,8,4000,64.0,16.0,20.0,Android,Yes,Yes,Yes,2,Yes,Yes,12500
Vivo,4030,6.22,Yes,720,1520,8,4000,64.0,13.0,20.0,Android,Yes,Yes,Yes,1,No,No,10499
Motorola,2800,5.0,Yes,1080,1920,8,2000,16.0,13.0,5.0,Android,Yes,Yes,Yes,2,Yes,Yes,5450
Nokia,1200,3.0,Yes,240,320,1,64,0.128,3.2,0.0,Cyanogen,Yes,Yes,No,2,No,No,4999
Intex,1500,4.0,Yes,480,800,1,1000,8.0,5.0,0.3,Android,Yes,Yes,Yes,2,Yes,Yes,2990
Lava,2620,5.0,Yes,720,1280,4,2000,16.0,8.0,5.0,Android,Yes,Yes,No,2,Yes,Yes,8920
Motorola,2070,4.5,Yes,720,1280,4,1000,8.0,5.0,1.3,Android,Yes,Yes,Yes,2,Yes,No,9999
Zopo,3600,5.5,Yes,1080,1920,10,4000,32.0,21.0,8.0,Android,Yes,Yes,Yes,2,Yes,Yes,9980
Karbonn,2300,4.0,Yes,480,800,4,1000,8.0,2.0,0.3,Android,Yes,Yes,No,2,No,No,2754
Tecno,4000,5.5,Yes,720,1280,4,3000,32.0,13.0,8.0,Android,Yes,Yes,Yes,2,Yes,Yes,6789
Intex,2300,5.0,Yes,720,1280,4,2000,16.0,13.0,5.0,Android,Yes,Yes,Yes,2,No,Yes,5999
Samsung,3000,5.7,Yes,1440,2560,8,4000,32.0,16.0,5.0,Android,Yes,Yes,Yes,1,Yes,Yes,17999
Lyf,3000,5.5,Yes,1080,1920,8,2000,16.0,13.0,5.0,Android,Yes,Yes,Yes,2,Yes,Yes,494
Panasonic,2500,5.0,Yes,720,1280,4,3000,16.0,13.0,5.0,Android,Yes,Yes,Yes,2,Yes,Yes,8440
Meizu,3400,5.7,Yes,1440,2560,8,4000,64.0,12.0,5.0,Android,Yes,Yes,Yes,2,No,Yes,27600
Lava,4000,5.0,Yes,720,1280,4,1000,8.0,10.0,2.0,Android,Yes,Yes,Yes,2,Yes,No,4299
Huawei,4000,5.5,Yes,720,1290,4,3000,32.0,12.0,8.0,Android,Yes,Yes,Yes,2,Yes,Yes,14990
Infinix,4500,5.99,Yes,1080,2160,8,3000,32.0,12.0,16.0,Android,Yes,Yes,Yes,2,Yes,Yes,5850
Gionee,2300,5.0,Yes,1080,1920,8,2000,16.0,13.0,5.0,Android,Yes,Yes,Yes,1,Yes,No,10999
Samsung,4000,6.4,Yes,1080,2340,8,4000,128.0,48.0,32.0,Android,Yes,Yes,Yes,2,Yes,Yes,16650
Nokia,4000,6.2,Yes,720,1520,4,2000,32.0,13.0,5.0,Android,Yes,Yes,No,2,Yes,Yes,7149
Asus,2600,5.0,Yes,720,1280,4,2000,16.0,13.0,5.0,Android,Yes,Yes,Yes,2,Yes,Yes,4999
Xolo,2500,5.0,Yes,720,1280,4,2000,16.0,8.0,5.0,Android,Yes,Yes,Yes,2,Yes,Yes,6888
Zopo,1450,4.0,No,480,800,4,1000,16.0,0.0,0.0,Android,Yes,Yes,Yes,2,No,No,4888
Other,4150,5.96,Yes,1440,2560,4,4000,64.0,15.0,8.0,Windows,Yes,Yes,Yes,1,Yes,Yes,88719
Motorola,3000,5.5,Yes,1080,1920,8,3000,32.0,13.0,8.0,Android,Yes,Yes,Yes,2,Yes,Yes,8500
Intex,2800,5.5,Yes,720,1280,4,2000,16.0,8.0,5.0,Android,Yes,Yes,Yes,2,Yes,Yes,4390
Intex,3000,5.0,Yes,720,1280,4,2000,16.0,13.0,5.0,Android,Yes,Yes,Yes,2,Yes,Yes,8200
Nubia,3800,6.0,Yes,1080,2160,8,8000,128.0,24.0,8.0,Android,Yes,Yes,Yes,2,Yes,Yes,24860
Zopo,3100,5.5,Yes,1080,1920,8,3000,32.0,13.0,8.0,Android,Yes,Yes,Yes,2,No,No,6990
Lyf,1800,4.0,Yes,480,800,4,1000,8.0,5.0,0.3,Android,Yes,Yes,Yes,2,No,Yes,3579
Panasonic,2500,5.5,Yes,540,960,4,1000,8.0,8.0,2.0,Android,Yes,Yes,Yes,2,Yes,Yes,3990
Intex,1600,4.5,Yes,480,854,4,512,8.0,5.0,1.3,Android,Yes,Yes,Yes,2,Yes,No,4449
Lava,2500,5.0,Yes,720,1280,4,2000,8.0,8.0,5.0,Android,Yes,Yes,Yes,2,Yes,Yes,9700
Other,2000,5.0,Yes,720,1280,4,2000,16.0,8.0,5.0,Android,Yes,Yes,Yes,2,Yes,Yes,3970
Lenovo,4000,5.3,Yes,720,1280,4,2000,16.0,8.0,1.5,Android,Yes,Yes,Yes,2,Yes,No,18748
Nokia,3500,6.3,Yes,1080,2340,8,4000,64.0,48.0,20.0,Android,Yes,Yes,No,2,Yes,Yes,15377
Asus,3000,5.5,Yes,720,1280,8,4000,64.0,16.0,20.0,Android,Yes,Yes,Yes,2,Yes,Yes,6998
Panasonic,4000,5.5,Yes,1080,1920,8,4000,64.0,13.0,8.0,Android,Yes,Yes,No,2,Yes,Yes,6488
Zen,2900,5.5,Yes,480,854,4,1000,8.0,5.0,3.2,Android,Yes,Yes,Yes,2,Yes,No,3739
Tecno,4000,5.5,Yes,1080,1920,8,4000,32.0,13.0,16.0,Android,Yes,Yes,Yes,2,Yes,Yes,8966
Infinix,4350,5.98,Yes,1080,1920,8,6000,128.0,12.0,16.0,Android,Yes,Yes,Yes,2,Yes,Yes,15900
Micromax,1650,4.5,Yes,480,854,4,512,4.0,5.0,2.0,Android,Yes,Yes,Yes,2,Yes,No,2999
Samsung,2600,5.0,Yes,540,960,8,1000,16.0,5.0,5.0,Android,Yes,Yes,Yes,2,Yes,Yes,5290
Videocon,2000,5.0,Yes,720,1280,4,2000,16.0,13.0,5.0,Android,Yes,Yes,Yes,2,Yes,Yes,3999
Vivo,3260,6.22,Yes,720,1520,8,3000,32.0,13.0,5.0,Android,Yes,Yes,Yes,2,Yes,Yes,9790
BlackBerry,4000,5.5,Yes,1080,1920,8,4000,32.0,12.0,8.0,Android,Yes,Yes,Yes,1,Yes,Yes,29999
Vivo,3000,5.5,Yes,720,1280,8,3000,32.0,13.0,16.0,Android,Yes,Yes,Yes,2,Yes,Yes,10999
Samsung,3000,5.6,Yes,720,1480,8,4000,32.0,16.0,16.0,Android,Yes,Yes,Yes,1,No,No,12999
Intex,2800,5.5,Yes,720,1280,4,2000,16.0,8.0,5.0,Android,Yes,Yes,Yes,2,Yes,Yes,4799
LG,3000,6.1,Yes,1440,3120,8,6000,128.0,16.0,8.0,Android,Yes,Yes,Yes,2,Yes,Yes,37999
Lyf,2920,5.0,Yes,720,1280,1,2000,16.0,13.0,5.0,Android,Yes,Yes,Yes,2,Yes,Yes,4999
Xiaomi,5000,6.22,Yes,720,1520,8,2000,32.0,12.0,8.0,Android,Yes,Yes,Yes,2,Yes,Yes,6499
Lenovo,4000,5.2,Yes,720,1280,8,3000,32.0,13.0,8.0,Android,Yes,Yes,Yes,2,Yes,Yes,7040
Motorola,3050,5.5,Yes,1080,1920,8,3000,32.0,16.0,8.0,Android,Yes,Yes,Yes,2,Yes,Yes,7499
Lava,2500,5.0,Yes,720,1280,4,2000,8.0,8.0,8.0,Android,Yes,Yes,Yes,2,Yes,Yes,4500
Zopo,2500,5.5,Yes,720,1280,4,3000,16.0,8.0,5.0,Android,Yes,Yes,Yes,2,No,No,3980
Samsung,3600,5.7,Yes,1080,1920,8,3000,32.0,16.0,16.0,Android,Yes,Yes,Yes,2,Yes,Yes,25900
Samsung,2600,5.0,Yes,720,1280,4,1000,8.0,8.0,5.0,Tizen,Yes,Yes,Yes,2,Yes,No,4990
Apple,3046,5.8,Yes,1125,2436,6,4000,64.0,12.0,12.0,iOS,Yes,Yes,Yes,2,Yes,Yes,96900
Nokia,1010,3.0,Yes,240,320,1,64,0.064,5.0,0.0,Cyanogen,Yes,Yes,No,2,No,No,3499
Coolpad,4000,5.99,Yes,1080,2160,8,4000,64.0,16.0,8.0,Android,Yes,Yes,No,1,No,No,7433
HTC,2800,5.5,Yes,1080,1920,8,2000,16.0,13.0,4.0,Android,Yes,Yes,Yes,2,Yes,Yes,7999
InFocus,2000,4.5,Yes,480,854,4,1000,8.0,5.0,2.0,Android,Yes,Yes,Yes,2,Yes,No,2490
Lyf,2000,4.5,Yes,480,854,4,1000,8.0,5.0,5.0,Android,Yes,Yes,Yes,2,Yes,Yes,5499
Lyf,2250,5.0,Yes,720,1280,4,1000,8.0,8.0,5.0,Android,Yes,Yes,Yes,2,Yes,Yes,5099
Vivo,2500,5.0,Yes,540,960,4,2000,16.0,8.0,5.0,Android,Yes,Yes,Yes,2,Yes,Yes,8490
Xiaomi,4000,5.84,Yes,1080,2280,8,3000,32.0,12.0,5.0,Android,Yes,Yes,Yes,2,Yes,Yes,8290
Gionee,4000,5.2,Yes,720,1280,4,3000,16.0,13.0,16.0,Android,Yes,Yes,Yes,2,Yes,Yes,5699
Micromax,3000,5.0,Yes,720,1280,4,1000,8.0,8.0,2.0,Android,Yes,Yes,Yes,2,Yes,No,5599
Google,3000,5.6,Yes,1080,2220,8,4000,64.0,12.2,8.0,Android,Yes,Yes,Yes,1,Yes,Yes,30999
Videocon,2200,5.0,Yes,720,1280,8,1000,8.0,8.0,5.0,Android,Yes,Yes,No,2,Yes,No,6390
Asus,4000,6.26,Yes,720,1520,8,3000,32.0,13.0,8.0,Android,Yes,Yes,Yes,2,Yes,Yes,7499
Tecno,4000,5.5,Yes,720,1280,4,2000,16.0,13.0,8.0,Android,Yes,Yes,Yes,2,Yes,Yes,6629
Samsung,2600,5.0,Yes,540,960,1,1000,8.0,8.0,5.0,Android,Yes,No,No,2,No,No,5990
Samsung,1050,4.5,Yes,480,800,4,1000,8.0,5.0,5.0,Tizen,Yes,Yes,Yes,2,Yes,Yes,4790
Intex,1700,4.5,Yes,480,854,2,512,4.0,5.0,2.0,Android,Yes,Yes,No,2,Yes,No,2999
Vivo,5000,6.53,Yes,1080,2340,8,4000,64.0,16.0,32.0,Android,Yes,Yes,Yes,2,Yes,Yes,12990
Xiaomi,3080,5.0,Yes,1080,1920,4,3000,16.0,13.0,8.0,Android,Yes,Yes,Yes,1,Yes,No,7987
Other,2800,5.0,Yes,720,1280,4,1000,16.0,13.0,5.0,Android,Yes,Yes,No,1,No,No,4599
LG,3000,5.5,Yes,1080,2160,8,4000,64.0,13.0,5.0,Android,Yes,Yes,Yes,1,Yes,Yes,9999
Oppo,4000,6.53,Yes,1080,2340,8,8000,256.0,48.0,16.0,Android,Yes,Yes,No,1,No,No,23100
Lava,2500,5.0,Yes,720,1280,4,2000,8.0,8.0,5.0,Android,Yes,Yes,Yes,2,Yes,Yes,5599
Other,4000,5.72,Yes,1440,2560,8,8000,64.0,12.0,8.0,Android,Yes,Yes,Yes,1,Yes,Yes,54990
Zen,2900,5.5,Yes,540,960,4,1000,8.0,5.0,2.0,Android,Yes,Yes,Yes,2,Yes,No,3739
Coolpad,2800,5.5,Yes,1080,1920,8,4000,64.0,13.0,5.0,Android,Yes,Yes,Yes,2,Yes,Yes,8499
Other,3000,5.5,Yes,1080,1920,8,3000,32.0,16.0,8.0,Android,Yes,Yes,Yes,2,Yes,Yes,4500
Micromax,3000,6.0,Yes,540,960,4,1000,8.0,8.0,5.0,Android,Yes,Yes,Yes,2,Yes,Yes,7530
Samsung,4380,7.3,Yes,1536,2152,8,12000,512.0,16.0,10.0,Android,Yes,Yes,Yes,2,Yes,Yes,164999
Oppo,3500,6.3,Yes,1080,2340,8,6000,64.0,16.0,25.0,Android,Yes,Yes,Yes,2,Yes,Yes,17990
Samsung,4500,6.7,Yes,1080,2400,8,6000,128.0,64.0,32.0,Android,Yes,Yes,Yes,1,No,No,25999
Xolo,2400,5.0,Yes,1080,1920,8,3000,32.0,13.0,5.0,Android,Yes,Yes,Yes,2,Yes,Yes,9999
Lenovo,2750,5.0,Yes,1080,1920,8,2000,16.0,13.0,5.0,Android,Yes,Yes,Yes,2,Yes,Yes,7999
Lava,1750,4.5,Yes,480,854,2,512,8.0,3.2,0.3,Android,Yes,Yes,Yes,2,Yes,No,1999
Other,2800,5.0,Yes,720,1280,8,2000,16.0,13.0,8.0,Android,Yes,Yes,No,2,Yes,No,2900
Coolpad,2500,5.5,Yes,720,1280,4,3000,16.0,8.0,8.0,Android,Yes,Yes,Yes,2,Yes,Yes,5990
Ziox,4000,5.0,Yes,720,1280,4,1000,8.0,5.0,5.0,Android,Yes,Yes,No,2,Yes,Yes,4399
HTC,2000,4.5,Yes,480,854,4,512,4.0,5.0,0.3,Android,Yes,Yes,Yes,2,Yes,No,2699
OnePlus,4085,6.67,Yes,1440,3120,8,8000,256.0,48.0,16.0,Android,Yes,Yes,Yes,2,Yes,Yes,52990
Samsung,3100,5.2,Yes,720,1280,4,2000,16.0,13.0,5.0,Android,Yes,Yes,Yes,2,Yes,Yes,9999
Samsung,3300,5.5,Yes,1080,1920,8,3000,16.0,13.0,8.0,Android,Yes,Yes,Yes,2,Yes,Yes,11200
Micromax,1800,4.5,Yes,480,854,4,1000,8.0,5.0,2.0,Android,Yes,Yes,Yes,2,Yes,Yes,4950
Samsung,2330,4.3,Yes,560,960,2,1000,8.0,16.0,1.9,Android,Yes,Yes,Yes,1,Yes,Yes,15990
Panasonic,5000,5.2,Yes,720,1280,4,3000,32.0,13.0,5.0,Android,Yes,Yes,Yes,2,Yes,Yes,5935
Xiaomi,4050,5.5,Yes,1080,1920,6,2000,16.0,16.0,5.0,Android,Yes,Yes,Yes,2,Yes,Yes,6899
Honor,3400,6.21,Yes,1080,2340,8,4000,128.0,24.0,32.0,Android,Yes,Yes,Yes,2,Yes,Yes,10999
Intex,4350,5.0,Yes,720,1280,4,1000,8.0,0.0,0.0,Android,Yes,Yes,Yes,2,No,No,3499
iBall,1900,5.0,Yes,540,960,8,1000,8.0,8.0,2.0,Android,Yes,Yes,Yes,2,Yes,No,3199
Panasonic,2450,5.0,Yes,720,1280,4,3000,32.0,8.0,5.0,Android,Yes,Yes,Yes,2,Yes,Yes,5599
LG,3200,5.7,Yes,1440,2560,4,4000,64.0,16.0,5.0,Android,Yes,Yes,Yes,2,Yes,Yes,26999
OnePlus,3300,5.5,Yes,1080,1920,8,6000,64.0,16.0,16.0,Android,Yes,Yes,Yes,2,Yes,Yes,17499
Micromax,2000,4.5,Yes,480,854,4,1000,8.0,5.0,5.0,Android,Yes,Yes,Yes,2,Yes,Yes,3789
Oppo,2630,5.0,Yes,720,1280,4,2000,16.0,8.0,5.0,Android,Yes,Yes,Yes,2,Yes,Yes,8666
LG,3300,6.4,Yes,1440,3120,8,6000,128.0,12.0,8.0,Android,Yes,Yes,Yes,2,Yes,Yes,29999
Vivo,3225,5.99,Yes,720,1440,8,4000,64.0,16.0,24.0,Android,Yes,Yes,Yes,2,Yes,Yes,10990
Nokia,3090,5.3,Yes,1440,2560,8,4000,64.0,13.0,13.0,Android,Yes,Yes,Yes,2,Yes,Yes,14994
Intex,2000,5.0,Yes,540,960,4,512,8.0,5.0,0.3,Android,Yes,Yes,Yes,2,Yes,No,3899
Other,2600,5.5,Yes,540,960,4,1000,8.0,10.0,5.0,Android,Yes,Yes,Yes,2,Yes,No,2699
Micromax,2350,5.0,Yes,1080,1920,8,2000,32.0,16.0,8.0,Android,Yes,Yes,Yes,2,Yes,No,5999
Intex,2150,5.0,Yes,720,1280,4,3000,16.0,8.0,2.0,Android,Yes,Yes,Yes,2,Yes,Yes,5849
Micromax,4000,6.19,Yes,720,1500,8,3000,32.0,13.0,16.0,Android,Yes,Yes,Yes,2,Yes,Yes,6299
Infinix,5000,6.52,Yes,720,1600,8,4000,64.0,13.0,8.0,Android,Yes,Yes,Yes,2,No,No,8000
Honor,3000,5.2,Yes,1080,1920,8,2000,16.0,13.0,8.0,Android,Yes,Yes,Yes,1,No,Yes,16699
Xolo,2000,5.0,Yes,480,854,4,1000,4.0,5.0,0.3,Android,Yes,Yes,Yes,2,Yes,No,9499
Xiaomi,4850,6.44,Yes,1080,1920,6,4000,128.0,16.0,5.0,Android,Yes,Yes,Yes,2,Yes,Yes,19999
Panasonic,1800,4.7,Yes,720,1280,4,2000,16.0,8.0,5.0,Android,Yes,Yes,Yes,2,Yes,Yes,4899
Intex,2200,5.0,Yes,480,854,4,1000,8.0,5.0,0.0,Android,Yes,Yes,Yes,2,Yes,No,3499
Asus,2070,4.5,Yes,480,854,4,1000,8.0,5.0,0.3,Android,Yes,Yes,Yes,2,Yes,No,3999
Coolpad,2500,5.5,Yes,720,1080,8,3000,32.0,13.0,5.0,Android,Yes,Yes,No,2,Yes,Yes,8990
Other,2800,5.0,Yes,720,1280,8,2000,16.0,13.0,5.0,Android,Yes,Yes,Yes,2,No,No,5200
Gionee,1700,4.3,Yes,480,800,4,512,4.0,5.0,0.3,Android,Yes,Yes,Yes,2,Yes,No,7494
Lyf,2000,4.5,Yes,480,854,4,1000,8.0,8.0,5.0,Android,Yes,Yes,Yes,2,Yes,Yes,3499
Asus,3300,5.5,Yes,1080,1920,1,4000,64.0,12.0,8.0,Android,Yes,Yes,Yes,2,Yes,Yes,6499
Swipe,2000,4.0,Yes,480,800,4,512,4.0,5.0,1.3,Android,Yes,Yes,Yes,2,Yes,Yes,1999
Micromax,1700,4.5,Yes,480,854,4,1000,4.0,5.0,2.4,Android,Yes,Yes,Yes,2,Yes,No,4795
OnePlus,3800,6.55,Yes,1080,2400,8,8000,128.0,48.0,16.0,Android,Yes,Yes,No,2,Yes,Yes,34930
Realme,4000,6.4,Yes,1080,2340,8,4000,64.0,64.0,32.0,Android,Yes,Yes,Yes,2,Yes,Yes,16999
HTC,2500,5.2,Yes,1080,1920,8,4000,64.0,16.0,16.0,Android,Yes,Yes,Yes,2,Yes,Yes,15500
Lyf,3200,5.5,Yes,1080,1920,8,3000,32.0,16.0,8.0,Android,Yes,Yes,Yes,2,Yes,Yes,6499
Motorola,5000,5.5,Yes,720,1280,4,3000,32.0,13.0,5.0,Android,Yes,Yes,Yes,2,Yes,Yes,9999
Oppo,2900,5.2,Yes,720,1280,8,3000,32.0,13.0,16.0,Android,Yes,Yes,Yes,2,Yes,Yes,12000
Micromax,2000,5.0,Yes,720,1280,4,1000,8.0,8.0,5.0,Android,Yes,Yes,Yes,2,Yes,No,4970
Apple,2942,6.1,Yes,828,1792,6,3000,64.0,12.0,7.0,iOS,Yes,Yes,Yes,2,Yes,Yes,45499
Nokia,1430,4.0,Yes,480,800,2,512,8.0,5.0,0.0,Windows,Yes,Yes,Yes,1,Yes,No,3850
Oppo,3180,5.7,Yes,720,1440,8,2000,16.0,13.0,8.0,Android,Yes,Yes,Yes,2,Yes,Yes,9490
Swipe,3000,5.5,Yes,720,1280,4,3000,16.0,13.0,5.0,Android,Yes,Yes,Yes,2,Yes,Yes,7500
Nubia,2800,5.0,Yes,1080,1920,8,3000,64.0,16.0,8.0,Android,Yes,Yes,Yes,2,Yes,Yes,9999
Lyf,4000,5.0,Yes,720,1820,4,2000,16.0,8.0,2.0,Android,Yes,Yes,Yes,2,Yes,Yes,6498
Intex,2600,5.0,Yes,480,854,4,1000,8.0,5.0,2.0,Android,Yes,Yes,Yes,2,Yes,Yes,3999
Samsung,4000,6.4,Yes,720,1560,8,4000,64.0,25.0,16.0,Android,Yes,Yes,Yes,2,Yes,Yes,13980
Huawei,4200,6.47,Yes,1080,2340,8,8000,256.0,40.0,32.0,Android,Yes,Yes,No,2,Yes,Yes,54280
Yu,2500,5.0,Yes,720,1280,4,2000,16.0,13.0,5.0,Android,Yes,Yes,Yes,2,Yes,Yes,4499
LG,3000,5.7,Yes,720,1280,4,1000,16.0,13.0,5.0,Android,Yes,Yes,Yes,2,Yes,Yes,5999
Micromax,2500,5.0,Yes,720,1280,8,2000,16.0,13.0,5.0,Android,Yes,Yes,Yes,2,Yes,Yes,4799
Asus,4100,5.2,Yes,720,1280,4,2000,16.0,13.0,5.0,Android,Yes,Yes,Yes,2,Yes,Yes,13990
Intex,1850,4.7,Yes,720,1280,4,1000,8.0,8.0,8.0,Android,Yes,Yes,Yes,2,Yes,No,4295
Coolpad,3000,5.5,Yes,1080,1920,8,3000,16.0,13.0,5.0,Android,Yes,Yes,Yes,2,Yes,Yes,6249
LG,4100,5.3,Yes,720,1280,4,2000,16.0,13.0,5.0,Android,Yes,Yes,Yes,2,Yes,Yes,6999
Motorola,3000,5.2,Yes,1080,1920,8,3000,32.0,12.0,16.0,Android,Yes,Yes,Yes,2,Yes,Yes,12500
Coolpad,4070,5.5,Yes,1080,1920,8,4000,32.0,13.0,8.0,Android,Yes,Yes,Yes,2,Yes,Yes,6999
Lenovo,3500,5.5,Yes,1080,1920,8,3000,32.0,13.0,8.0,Android,Yes,Yes,Yes,2,Yes,Yes,7990
Intex,2100,5.0,Yes,480,854,4,1000,8.0,5.0,0.3,Android,Yes,Yes,Yes,2,Yes,No,4790
Panasonic,4000,5.0,Yes,720,1280,4,2000,16.0,8.0,2.0,Android,Yes,Yes,No,2,Yes,Yes,6499
LG,3000,5.5,Yes,1080,2160,8,4000,64.0,16.0,5.0,Android,Yes,Yes,Yes,1,No,No,11849
LG,3000,5.5,Yes,1080,2160,8,3000,32.0,13.0,5.0,Android,Yes,Yes,Yes,2,Yes,Yes,8948
Motorola,3510,5.5,Yes,1080,1920,8,3000,32.0,16.0,5.0,Android,Yes,Yes,Yes,2,Yes,Yes,8990
iVoomi,3000,5.86,Yes,720,1520,4,2000,16.0,13.0,5.0,Android,Yes,Yes,Yes,2,Yes,Yes,4499
Honor,3000,5.2,Yes,1080,1920,8,4000,32.0,12.0,8.0,Android,Yes,Yes,Yes,2,Yes,Yes,20246
Oppo,3000,5.2,Yes,720,1280,8,2000,16.0,13.0,5.0,Android,Yes,Yes,Yes,2,Yes,Yes,8490
Honor,3000,5.99,Yes,720,1440,8,3000,32.0,13.0,8.0,Android,Yes,Yes,Yes,2,Yes,Yes,7799
Xiaomi,4100,5.0,Yes,720,1280,8,3000,32.0,13.0,5.0,Android,Yes,Yes,Yes,2,Yes,Yes,8000
Lenovo,2900,5.5,Yes,1080,1920,8,2000,16.0,13.0,5.0,Android,Yes,Yes,Yes,2,Yes,Yes,14000
Videocon,2200,5.0,Yes,720,1280,4,1000,8.0,13.0,5.0,Android,Yes,Yes,Yes,2,Yes,Yes,2950
Xiaomi,3000,5.45,Yes,720,1440,8,3000,32.0,12.0,5.0,Android,Yes,Yes,Yes,2,Yes,Yes,7180
Xiaomi,3000,5.0,Yes,720,1280,4,1000,8.0,8.0,5.0,Android,Yes,Yes,Yes,2,Yes,Yes,4499
Asus,3000,5.5,Yes,1080,1920,4,4000,32.0,16.0,12.0,Android,Yes,Yes,Yes,1,Yes,Yes,6449
Lava,2000,5.0,Yes,720,1280,4,512,4.0,5.0,2.0,Android,Yes,Yes,Yes,2,Yes,Yes,4949
Yu,2500,5.5,Yes,720,1280,8,2000,16.0,13.0,5.0,Cyanogen,Yes,Yes,Yes,2,Yes,Yes,3999
Vivo,3000,5.5,Yes,720,1280,8,3000,32.0,13.0,16.0,Android,Yes,Yes,Yes,2,Yes,Yes,9500
Intex,1800,4.5,Yes,480,584,4,1000,8.0,5.0,2.0,Android,Yes,Yes,Yes,2,Yes,Yes,4499
Ziox,2350,5.0,Yes,480,854,4,1000,16.0,5.0,2.0,Android,Yes,Yes,Yes,2,Yes,Yes,3799
Asus,3000,5.45,Yes,720,1440,8,2000,16.0,13.0,5.0,Android,Yes,Yes,Yes,2,Yes,Yes,4999
Infinix,4000,5.99,Yes,720,1440,4,3000,32.0,13.0,5.0,Android,Yes,Yes,Yes,2,Yes,Yes,8999
Intex,2200,5.0,Yes,720,1280,4,2000,16.0,8.0,5.0,Android,Yes,Yes,Yes,2,Yes,Yes,4899
Intex,2500,5.0,Yes,480,854,4,1000,8.0,5.0,0.3,Android,Yes,Yes,Yes,2,Yes,No,4900
Samsung,3600,5.5,Yes,1080,1920,8,3000,64.0,13.0,13.0,Android,Yes,Yes,Yes,2,No,Yes,16900
Karbonn,4000,5.0,Yes,480,854,1,1000,8.0,8.0,5.0,Android,Yes,Yes,Yes,2,Yes,Yes,3299
Oppo,2410,5.0,Yes,720,1280,4,1000,16.0,8.0,5.0,Android,Yes,Yes,Yes,2,Yes,No,11735
Oppo,3765,6.4,Yes,1080,2340,8,8000,128.0,48.0,16.0,Android,Yes,Yes,Yes,2,Yes,Yes,26990
Lenovo,4000,5.5,Yes,1080,1920,8,3000,32.0,16.0,8.0,Android,Yes,Yes,Yes,2,Yes,Yes,8890
Asus,3000,6.0,Yes,1080,1920,8,3000,16.0,13.0,5.0,Android,Yes,Yes,Yes,2,Yes,Yes,8999
Sony,2900,5.2,Yes,1080,1920,8,3000,32.0,23.0,5.0,Android,Yes,Yes,Yes,2,Yes,Yes,45999
Intex,2300,6.0,Yes,720,1280,8,2000,16.0,13.0,5.0,Android,Yes,Yes,Yes,2,Yes,No,16818
Intex,2500,5.0,Yes,480,854,4,1000,8.0,5.0,0.3,Android,Yes,Yes,Yes,2,Yes,No,3333
Lenovo,4050,6.4,Yes,1080,1920,8,3000,32.0,13.0,8.0,Android,Yes,Yes,Yes,1,Yes,Yes,9999
Xiaomi,4000,5.99,Yes,1080,2160,8,3000,32.0,12.0,5.0,Android,Yes,Yes,Yes,2,Yes,Yes,8699
Xolo,2300,5.0,Yes,720,1280,4,1000,8.0,8.0,5.0,Android,Yes,Yes,Yes,2,Yes,No,7999
Micromax,1300,4.0,Yes,480,800,4,512,4.0,2.0,0.3,Android,Yes,Yes,Yes,2,Yes,Yes,2299
Oppo,3500,6.4,Yes,1080,2280,8,8000,128.0,16.0,25.0,Android,Yes,Yes,Yes,1,No,No,17990
Ziox,3000,5.0,Yes,720,1280,4,1000,16.0,5.0,5.0,Android,Yes,Yes,Yes,2,Yes,Yes,3499
Intex,1900,4.5,Yes,480,854,4,1000,8.0,5.0,2.0,Android,Yes,Yes,Yes,2,Yes,Yes,4866
Micromax,4000,5.5,Yes,1080,1920,8,3000,32.0,13.0,5.0,Android,Yes,Yes,No,1,Yes,Yes,4960
Zen,1800,4.5,Yes,480,854,4,1000,8.0,5.0,2.0,Android,Yes,Yes,Yes,2,Yes,No,2639
Lenovo,2750,5.0,Yes,720,1280,8,2000,16.0,13.0,5.0,Android,Yes,Yes,Yes,2,Yes,Yes,5999
Gionee,1800,4.7,Yes,720,1280,4,1000,16.0,8.0,2.0,Android,Yes,Yes,Yes,2,Yes,No,6499
Samsung,3500,6.0,Yes,1080,2220,8,6000,64.0,16.0,16.0,Android,Yes,Yes,Yes,1,No,No,16900
Intex,2800,5.0,Yes,480,854,1,1000,8.0,5.0,2.0,Android,No,Yes,Yes,2,Yes,Yes,4600
Google,2915,5.5,Yes,1080,2160,8,4000,64.0,12.2,8.0,Android,Yes,Yes,Yes,1,Yes,Yes,37999
Samsung,2900,5.2,Yes,1080,1920,8,2000,16.0,13.0,5.0,Android,Yes,Yes,Yes,2,Yes,Yes,19990
iVoomi,2800,5.67,Yes,720,1498,4,2000,16.0,13.0,5.0,Android,Yes,Yes,Yes,2,Yes,Yes,4490
Intex,4000,5.0,Yes,720,1280,4,1000,8.0,5.0,2.0,Android,Yes,Yes,Yes,2,Yes,No,4999
Other,2200,5.0,Yes,720,1280,4,1000,8.0,8.0,5.0,Windows,Yes,Yes,Yes,2,Yes,No,7000
Vivo,4030,6.22,Yes,720,1520,8,2000,32.0,13.0,8.0,Android,Yes,Yes,No,2,Yes,Yes,8349
Lyf,2400,5.0,Yes,720,1280,8,2000,16.0,13.0,5.0,Android,Yes,Yes,Yes,2,Yes,Yes,7750
Samsung,6000,6.4,Yes,1080,2340,8,4000,64.0,48.0,16.0,Android,Yes,Yes,Yes,2,Yes,Yes,12999
Karbonn,1500,4.0,Yes,480,800,4,1000,8.0,3.2,2.0,Android,Yes,Yes,Yes,2,Yes,Yes,2450
Oppo,4065,6.6,Yes,1080,2340,8,6000,128.0,48.0,16.0,Android,Yes,Yes,Yes,2,Yes,Yes,36990
LG,3300,6.2,Yes,1080,2160,8,3000,32.0,16.0,5.0,Android,Yes,Yes,Yes,1,No,No,14999
BlackBerry,2610,5.2,Yes,1080,1920,8,3000,16.0,13.0,8.0,Android,Yes,Yes,Yes,1,Yes,Yes,11999
Nokia,2000,4.7,Yes,480,800,2,512,8.0,5.0,0.3,Windows,Yes,Yes,Yes,1,Yes,Yes,4999
Intex,4000,5.0,Yes,720,1280,4,1000,8.0,5.0,2.0,Android,Yes,Yes,Yes,2,Yes,No,5990
Micromax,3200,5.5,Yes,1080,1920,8,4000,128.0,13.0,13.0,Android,Yes,Yes,Yes,2,Yes,Yes,13999
Oppo,4230,6.2,Yes,1520,720,8,2000,32.0,13.0,8.0,Android,Yes,Yes,Yes,2,Yes,Yes,7935
Lava,4000,5.0,Yes,720,1280,4,1000,8.0,8.0,2.0,Android,Yes,Yes,Yes,2,Yes,Yes,6199
Karbonn,1900,5.0,Yes,720,1280,8,1000,8.0,8.0,8.0,Android,Yes,Yes,Yes,2,Yes,No,7800
Intex,1700,4.7,Yes,720,1280,4,2000,16.0,8.0,5.0,Android,Yes,Yes,No,2,Yes,No,7500
Panasonic,5000,5.0,Yes,720,1280,4,1000,8.0,8.0,5.0,Android,Yes,Yes,Yes,2,Yes,No,5499
Apple,1960,4.7,Yes,750,1334,4,2000,32.0,12.0,7.0,iOS,Yes,Yes,Yes,1,Yes,Yes,27999
Oppo,3400,6.23,Yes,1080,2280,8,4000,64.0,16.0,25.0,Android,Yes,Yes,Yes,2,Yes,Yes,18990
HTC,3930,6.0,Yes,1440,2560,8,6000,128.0,12.0,8.0,Android,Yes,Yes,Yes,2,Yes,Yes,52990
Nubia,3000,5.5,Yes,720,1280,4,2000,16.0,8.0,5.0,Android,Yes,Yes,Yes,2,Yes,Yes,5999
Vivo,2730,5.2,Yes,1280,720,4,3000,16.0,13.0,5.0,Android,Yes,Yes,Yes,2,Yes,Yes,10990
Other,4000,5.0,Yes,720,1280,4,2000,16.0,8.0,8.0,Android,Yes,Yes,Yes,2,Yes,Yes,4199
Micromax,2000,5.0,Yes,720,1280,4,3000,16.0,8.0,2.0,Android,No,No,No,2,Yes,Yes,4595
Coolpad,3000,5.5,Yes,720,1280,8,3000,16.0,13.0,5.0,Android,Yes,Yes,Yes,2,Yes,Yes,9499
Nokia,2200,5.0,Yes,720,1280,4,1000,16.0,10.0,0.9,Windows,Yes,Yes,Yes,1,Yes,Yes,19999
Motorola,3760,5.4,Yes,1440,2560,8,3000,32.0,21.0,5.0,Android,Yes,Yes,Yes,1,Yes,Yes,6994
Intex,3800,5.0,Yes,720,1280,4,1000,8.0,8.0,2.0,Android,Yes,Yes,Yes,2,Yes,Yes,4995
Samsung,5000,6.0,Yes,1080,1920,8,4000,32.0,16.0,8.0,Android,Yes,Yes,Yes,2,Yes,Yes,19980
Samsung,3800,6.3,Yes,1080,2220,8,6000,128.0,24.0,24.0,Android,Yes,Yes,Yes,2,Yes,Yes,22000
Honor,3000,5.65,Yes,1080,2160,8,3000,32.0,13.0,13.0,Android,Yes,Yes,Yes,2,Yes,Yes,8929
iBall,1250,4.0,Yes,480,800,1,256,0.512,2.0,0.3,Android,Yes,Yes,Yes,2,Yes,No,2498
iVoomi,3000,5.45,Yes,640,1280,4,3000,32.0,13.0,8.0,Android,Yes,Yes,Yes,2,Yes,Yes,4999
BlackBerry,1800,4.2,Yes,768,1280,2,2000,16.0,8.0,2.0,BlackBerry,Yes,Yes,Yes,1,Yes,Yes,5500
Panasonic,2350,5.0,Yes,720,1280,8,3000,32.0,13.0,5.0,Android,Yes,Yes,Yes,2,Yes,Yes,13988
Intex,3000,5.34,Yes,480,960,4,1000,8.0,5.0,5.0,Android,Yes,Yes,Yes,2,Yes,Yes,3499
Xiaomi,5000,6.22,Yes,720,1520,8,2000,32.0,13.0,8.0,Android,Yes,Yes,Yes,2,Yes,Yes,6499
Lyf,2250,5.0,Yes,480,854,4,1000,8.0,5.0,5.0,Android,Yes,Yes,Yes,2,Yes,Yes,3499
Ziox,2200,5.0,Yes,480,854,4,2000,16.0,5.0,2.0,Android,Yes,Yes,Yes,2,Yes,Yes,3799
Itel,2400,5.45,Yes,480,960,4,1000,8.0,5.0,5.0,Android,Yes,Yes,Yes,2,Yes,Yes,6600
BlackBerry,3000,4.5,Yes,1080,1620,8,4000,64.0,13.0,8.0,Android,Yes,Yes,Yes,2,Yes,Yes,22990
Tecno,4000,6.0,Yes,720,1440,4,3000,32.0,13.0,13.0,Android,Yes,Yes,Yes,2,Yes,Yes,8990
Lyf,1750,4.0,Yes,480,800,4,1000,8.0,5.0,2.0,Android,Yes,Yes,Yes,2,Yes,Yes,2499
Motorola,2390,4.5,Yes,540,960,4,1000,8.0,5.0,0.3,Android,Yes,Yes,Yes,1,Yes,No,4999
Swipe,3000,5.0,Yes,480,854,4,1000,8.0,8.0,3.2,Android,Yes,Yes,Yes,2,Yes,No,4099
Samsung,3300,5.5,Yes,1080,1920,8,3000,16.0,13.0,5.0,Android,Yes,Yes,Yes,2,Yes,Yes,7999
Sony,2300,4.3,Yes,720,1280,4,2000,16.0,20.7,2.0,Android,Yes,Yes,Yes,1,Yes,Yes,11999
Micromax,1600,4.0,Yes,480,800,4,1000,8.0,5.0,2.0,Android,Yes,Yes,Yes,2,Yes,Yes,2340
Vivo,3260,6.22,Yes,720,1520,8,4000,64.0,13.0,8.0,Android,Yes,Yes,Yes,1,No,No,13950
Coolpad,2500,5.0,Yes,720,1280,4,2000,16.0,8.0,5.0,Android,Yes,Yes,No,1,No,No,4590
LG,1540,3.2,Yes,240,320,1,512,4.0,3.0,0.0,Android,Yes,Yes,Yes,2,Yes,No,1999
Intex,2700,5.2,Yes,480,854,4,1000,8.0,8.0,5.0,Android,Yes,Yes,Yes,2,Yes,Yes,4495
Lyf,2250,5.0,Yes,720,1280,4,2000,16.0,8.0,5.0,Android,Yes,Yes,Yes,2,Yes,Yes,7499
HTC,2600,5.5,Yes,720,1280,4,1000,8.0,13.0,5.0,Android,Yes,Yes,Yes,2,Yes,Yes,27390
Asus,4100,5.5,Yes,1080,1920,8,2000,32.0,16.0,8.0,Android,Yes,Yes,Yes,2,Yes,Yes,8599
Micromax,1800,4.5,Yes,480,854,4,1000,8.0,5.0,2.0,Android,Yes,Yes,Yes,2,No,No,4999
Samsung,3000,5.6,Yes,1600,2560,4,3000,32.0,16.0,3.7,Android,Yes,Yes,Yes,1,Yes,Yes,29950
Samsung,3500,6.3,Yes,1080,2340,8,6000,128.0,32.0,16.0,Android,Yes,Yes,Yes,2,Yes,Yes,16879
Lenovo,4900,5.5,Yes,1080,1920,8,2000,32.0,13.0,5.0,Android,Yes,Yes,Yes,2,Yes,Yes,15999
Vivo,5000,6.53,Yes,1080,2340,8,4000,128.0,16.0,16.0,Android,Yes,Yes,Yes,2,Yes,Yes,13990
InFocus,4000,5.7,Yes,720,1440,8,4000,64.0,13.0,13.0,Android,Yes,Yes,Yes,2,Yes,Yes,7990
Intex,1750,4.0,Yes,480,800,4,1000,8.0,5.0,2.0,Android,Yes,Yes,Yes,2,No,Yes,4625
Other,3800,4.7,Yes,720,1280,8,2000,16.0,13.0,5.0,Android,Yes,Yes,Yes,2,Yes,Yes,39999
Other,3100,5.7,Yes,1440,2560,4,4000,32.0,21.0,8.0,Android,Yes,Yes,Yes,2,Yes,Yes,7790
Alcatel,2610,5.2,Yes,1080,1920,8,3000,16.0,13.0,8.0,Android,Yes,Yes,Yes,1,Yes,Yes,16999
LG,4050,6.22,Yes,720,1520,8,4000,64.0,13.0,16.0,Android,Yes,Yes,No,2,Yes,Yes,12480
Motorola,3500,6.3,Yes,1080,2520,8,4000,128.0,12.0,12.0,Android,Yes,Yes,Yes,2,Yes,Yes,9999
Other,1800,4.0,Yes,480,800,4,512,4.0,3.2,2.0,Android,Yes,Yes,Yes,2,Yes,Yes,2999
Lyf,2500,5.0,Yes,1080,1920,8,3000,32.0,13.0,13.0,Android,Yes,Yes,Yes,2,Yes,Yes,6990
HTC,2200,5.0,Yes,720,1280,8,3000,32.0,13.0,5.0,Android,Yes,Yes,Yes,2,Yes,Yes,6498
LG,3300,5.7,Yes,1440,2880,1,3000,32.0,13.0,5.0,Android,Yes,Yes,Yes,1,Yes,Yes,23990
Alcatel,3000,6.0,Yes,1080,2160,4,3000,32.0,16.0,8.0,Android,Yes,Yes,Yes,2,Yes,Yes,10999
Micromax,1300,4.0,Yes,480,800,2,512,4.0,3.2,0.3,Android,Yes,Yes,Yes,2,Yes,No,2984
Swipe,2500,5.0,Yes,480,854,4,1000,8.0,5.0,2.0,Android,Yes,Yes,Yes,2,Yes,Yes,4999
Intex,1700,4.5,Yes,480,854,2,512,4.0,5.0,2.0,Android,Yes,Yes,Yes,2,Yes,No,3800
Realme,3500,6.3,Yes,1080,2340,8,4000,64.0,16.0,16.0,Android,Yes,Yes,Yes,2,Yes,Yes,11770
Itel,2400,5.0,Yes,480,960,4,2000,16.0,5.0,2.0,Android,Yes,Yes,Yes,2,Yes,Yes,4350
Meizu,3000,5.2,Yes,1080,1920,8,4000,64.0,12.0,16.0,Android,Yes,No,Yes,2,No,No,28000
Lava,1400,4.0,Yes,400,800,1,256,0.512,2.0,0.3,Android,Yes,Yes,No,2,Yes,No,2222
Lava,2900,5.0,Yes,720,1280,4,3000,16.0,13.0,5.0,Android,Yes,Yes,Yes,2,Yes,Yes,12000
Honor,3340,5.93,Yes,1080,2160,8,4000,32.0,16.0,8.0,Android,Yes,Yes,Yes,2,Yes,Yes,12722
Tecno,3050,5.0,Yes,720,1280,4,2000,16.0,8.0,8.0,Android,Yes,Yes,Yes,2,Yes,Yes,7142
Intex,2500,5.0,Yes,720,1280,4,2000,16.0,8.0,5.0,Android,Yes,Yes,Yes,2,No,No,3999
Huawei,3750,6.3,Yes,1080,2340,8,6000,128.0,16.0,24.0,Android,Yes,Yes,Yes,2,Yes,Yes,15999
InFocus,4850,5.5,Yes,720,1280,8,3000,32.0,13.0,5.0,Android,Yes,Yes,Yes,2,Yes,Yes,5350
Oppo,4230,6.2,Yes,720,1520,8,2000,16.0,13.0,8.0,Android,Yes,Yes,Yes,1,No,No,7450
Other,2400,5.0,Yes,720,1280,4,1000,4.0,13.0,5.0,Android,Yes,Yes,Yes,2,Yes,No,3399
InFocus,3000,5.2,Yes,720,1280,8,4000,64.0,13.0,8.0,Android,Yes,Yes,Yes,1,Yes,Yes,6195
Lenovo,2300,5.0,Yes,720,1280,4,1000,8.0,5.0,2.0,Android,Yes,Yes,Yes,1,Yes,Yes,4500
Other,2300,5.0,No,720,1280,1,1000,8.0,8.0,5.0,Android,Yes,Yes,Yes,2,Yes,Yes,5385
Intex,3000,5.0,Yes,720,1280,4,1000,8.0,5.0,2.0,Android,Yes,Yes,Yes,2,Yes,Yes,5649
HTC,3500,6.0,Yes,1440,2880,8,6000,64.0,12.0,8.0,Android,Yes,Yes,Yes,2,Yes,Yes,74990
Intex,1450,4.0,Yes,480,800,4,512,4.0,0.3,0.3,Android,Yes,Yes,Yes,2,Yes,No,2666
Lenovo,5100,5.5,Yes,1080,1920,8,3000,32.0,13.0,5.0,Android,Yes,Yes,Yes,2,Yes,Yes,16999
Realme,4045,6.3,Yes,1080,2340,8,4000,64.0,16.0,25.0,Android,Yes,Yes,Yes,2,Yes,Yes,13999
Samsung,1350,2.6,Yes,240,320,1,384,0.16,3.2,0.3,Android,Yes,Yes,Yes,2,Yes,No,5555
InFocus,2600,5.5,Yes,1280,720,4,3000,16.0,13.0,8.0,Android,Yes,Yes,No,2,No,Yes,6499
Lyf,1400,4.0,Yes,480,800,4,512,8.0,2.0,0.3,Android,Yes,Yes,No,2,Yes,Yes,4199
Oppo,4000,6.1,Yes,720,1560,8,2000,32.0,8.0,5.0,Android,Yes,Yes,No,2,No,No,6670
Oppo,2850,5.5,Yes,1080,1920,8,4000,64.0,13.0,16.0,Android,Yes,Yes,Yes,2,Yes,Yes,17990
Huawei,3340,6.3,Yes,1080,2340,8,4000,128.0,16.0,24.0,Android,Yes,Yes,Yes,2,Yes,Yes,21999
Vivo,2300,5.0,Yes,720,1280,4,2000,16.0,13.0,5.0,Android,Yes,Yes,Yes,2,Yes,Yes,15300
Micromax,2820,5.5,Yes,720,1280,4,2000,16.0,13.0,5.0,Android,Yes,Yes,Yes,2,Yes,Yes,4499
Motorola,3200,5.93,Yes,1080,2160,8,4000,64.0,12.0,8.0,Android,Yes,Yes,Yes,2,Yes,Yes,12900
Videocon,2200,5.0,Yes,720,1280,8,1000,8.0,8.0,5.0,Android,Yes,Yes,Yes,2,Yes,No,5499
Infinix,4000,6.5,Yes,720,1600,8,4000,64.0,16.0,16.0,Android,Yes,Yes,Yes,2,Yes,Yes,8999
Vivo,4500,6.38,Yes,1080,2340,8,4000,128.0,48.0,32.0,Android,Yes,Yes,Yes,2,Yes,Yes,15990
HTC,2400,5.2,Yes,1080,1920,4,2000,16.0,13.0,13.0,Android,Yes,Yes,Yes,1,Yes,Yes,10990
Lyf,2600,5.0,Yes,1080,1920,8,2000,16.0,13.0,5.0,Android,Yes,Yes,Yes,2,Yes,Yes,4800
Samsung,3300,6.0,Yes,1080,2220,8,4000,64.0,24.0,24.0,Android,Yes,Yes,Yes,2,No,Yes,16490
Intex,2400,5.0,Yes,720,1280,4,2000,16.0,8.0,8.0,Android,Yes,Yes,Yes,2,Yes,Yes,5295
Samsung,2550,5.1,Yes,1440,2560,8,3000,32.0,16.0,5.0,Android,Yes,Yes,Yes,1,Yes,Yes,25999
Micromax,2500,5.5,Yes,720,1280,4,1000,16.0,8.0,5.0,Android,Yes,Yes,Yes,2,Yes,No,7389
Micromax,2900,5.7,Yes,720,1440,4,3000,32.0,13.0,16.0,Android,Yes,Yes,Yes,2,Yes,Yes,4991
Motorola,2200,4.7,Yes,720,1280,2,2000,16.0,10.0,2.0,Android,Yes,Yes,Yes,1,Yes,Yes,15000
Nokia,3000,5.71,Yes,720,1520,8,3000,32.0,13.0,8.0,Android,Yes,Yes,Yes,1,No,No,7999
Realme,3765,6.53,Yes,1080,2340,8,4000,128.0,48.0,16.0,Android,Yes,Yes,Yes,2,Yes,Yes,14999
Sony,2620,5.2,Yes,720,1280,8,3000,32.0,13.0,8.0,Android,Yes,Yes,Yes,2,Yes,Yes,9500
Vivo,1900,4.5,Yes,854,480,4,1000,8.0,5.0,2.0,Android,Yes,Yes,Yes,2,Yes,No,4999
Motorola,3000,5.2,Yes,1080,1920,8,3000,32.0,16.0,5.0,Android,Yes,Yes,Yes,2,Yes,Yes,9999
Micromax,1600,4.0,Yes,480,800,4,1000,8.0,5.0,2.0,Android,Yes,Yes,Yes,2,Yes,Yes,4499
LG,3000,5.2,Yes,1080,1920,4,2000,16.0,13.0,2.1,Android,Yes,Yes,Yes,1,Yes,Yes,22499
Honor,3100,5.5,Yes,720,1280,8,2000,16.0,13.0,8.0,Android,Yes,Yes,Yes,1,No,No,5999
Motorola,2800,5.0,Yes,720,1280,4,2000,16.0,8.0,5.0,Android,Yes,Yes,Yes,2,Yes,Yes,6990
Asus,4000,5.45,Yes,720,1440,8,3000,32.0,13.0,8.0,Android,Yes,Yes,No,2,Yes,Yes,5999
Sony,2930,5.2,Yes,1080,1920,8,3000,32.0,20.7,5.0,Android,Yes,Yes,Yes,1,Yes,Yes,34915
Nokia,3000,5.5,Yes,1080,1920,8,3000,32.0,16.0,8.0,Android,Yes,Yes,Yes,2,Yes,Yes,8849
Honor,3750,5.99,Yes,1080,2160,8,6000,128.0,16.0,13.0,Android,Yes,Yes,Yes,2,Yes,Yes,15899
Infinix,3050,5.45,Yes,720,1440,4,2000,16.0,13.0,8.0,Android,Yes,Yes,Yes,2,Yes,Yes,3999
Huawei,4000,6.1,Yes,1080,2240,8,4000,64.0,40.0,24.0,Android,Yes,Yes,Yes,2,No,Yes,49990
Lava,1750,4.5,Yes,480,800,4,512,4.0,5.0,0.3,Android,Yes,Yes,No,2,Yes,No,4199
Samsung,3700,6.7,Yes,1080,2400,8,8000,128.0,48.0,0.0,Android,Yes,Yes,Yes,2,Yes,Yes,35990
HTC,2600,5.5,Yes,720,1280,4,1000,8.0,13.0,5.0,Android,Yes,Yes,Yes,2,Yes,No,21990
Intex,2300,5.0,Yes,480,854,2,1000,8.0,5.0,2.0,Android,Yes,Yes,Yes,2,Yes,No,2999
Xolo,3000,5.45,Yes,720,1440,4,1000,16.0,8.0,5.0,Android,Yes,Yes,Yes,2,Yes,Yes,3999
Oppo,3200,6.0,Yes,1080,2160,8,4000,32.0,16.0,20.0,Android,Yes,Yes,Yes,2,Yes,Yes,10499
Itel,2400,5.0,No,480,854,4,1000,8.0,5.0,2.0,Android,Yes,Yes,Yes,2,Yes,Yes,4880
Alcatel,2000,5.0,Yes,480,854,1,1000,8.0,8.0,5.0,Android,Yes,No,Yes,2,Yes,Yes,2999
Meizu,3010,6.0,Yes,1080,2160,8,8000,128.0,12.0,20.0,Android,Yes,Yes,Yes,2,Yes,Yes,19990
Vivo,5000,6.53,Yes,1080,2340,8,4000,64.0,16.0,16.0,Android,Yes,Yes,Yes,2,Yes,Yes,10990
Samsung,1500,4.0,Yes,480,800,4,1000,8.0,5.0,0.3,Tizen,Yes,Yes,Yes,2,Yes,Yes,3599
Intex,2800,5.2,Yes,720,1280,4,3000,32.0,13.0,5.0,Android,Yes,Yes,Yes,2,Yes,Yes,4999
Panasonic,2000,5.0,Yes,720,1280,4,1000,8.0,8.0,2.0,Android,Yes,Yes,Yes,2,No,Yes,6990
Other,2800,5.2,Yes,1080,1920,8,3000,32.0,13.0,8.0,Android,Yes,Yes,Yes,1,Yes,Yes,5900
LG,3000,5.7,Yes,1440,2560,6,4000,64.0,16.0,5.0,Android,Yes,Yes,Yes,1,Yes,Yes,14999
LG,3000,5.5,Yes,1440,2560,6,3000,32.0,16.0,8.0,Android,Yes,Yes,Yes,1,Yes,Yes,13299
Samsung,4500,6.7,Yes,1080,2400,8,6000,128.0,32.0,32.0,Android,Yes,Yes,Yes,2,Yes,Yes,22299
Tecno,3050,5.5,Yes,720,1440,4,2000,32.0,13.0,8.0,Android,Yes,Yes,Yes,2,Yes,Yes,5199
OnePlus,3100,5.5,Yes,1080,1920,4,3000,16.0,13.0,5.0,Cyanogen,Yes,Yes,Yes,1,Yes,Yes,21999
Lyf,2250,5.0,Yes,720,1280,4,2000,16.0,8.0,5.0,Android,Yes,Yes,Yes,2,Yes,Yes,6099
Coolpad,2500,5.0,Yes,720,1280,4,2000,16.0,8.0,5.0,Android,Yes,Yes,Yes,1,Yes,Yes,4610
Other,1800,4.0,Yes,480,800,4,512,4.0,5.0,2.0,Android,Yes,Yes,No,1,Yes,Yes,2599
HTC,3000,5.5,Yes,1080,1920,8,3000,32.0,13.0,5.0,Android,Yes,Yes,Yes,2,Yes,Yes,14770
Samsung,3100,5.5,Yes,720,1280,6,2000,16.0,8.0,2.0,Android,Yes,Yes,Yes,1,Yes,Yes,11250
Apple,2915,5.5,Yes,1080,1920,1,1000,16.0,8.0,1.2,iOS,Yes,Yes,Yes,1,Yes,Yes,23999
Xiaomi,4030,6.08,Yes,720,1560,8,4000,64.0,48.0,32.0,Android,Yes,Yes,Yes,2,Yes,Yes,11845
Intex,1500,4.0,Yes,360,640,4,512,4.0,2.0,0.3,Android,Yes,Yes,Yes,2,Yes,Yes,4095
Panasonic,3000,6.18,Yes,1080,2246,8,6000,128.0,16.0,16.0,Android,Yes,Yes,Yes,2,Yes,Yes,29999
Lava,1200,4.0,Yes,480,800,2,512,4.0,2.0,0.3,Android,Yes,Yes,Yes,2,Yes,No,1999
Oppo,2420,5.0,Yes,540,960,4,1000,16.0,8.0,5.0,Android,Yes,Yes,Yes,2,Yes,Yes,8200
Honor,4000,6.4,Yes,1080,2310,8,6000,128.0,48.0,25.0,Android,Yes,Yes,Yes,1,No,No,25120
Panasonic,2200,5.0,Yes,720,1280,4,1000,16.0,8.0,5.0,Android,Yes,Yes,No,2,Yes,Yes,4499
Other,2600,5.0,Yes,720,1280,4,3000,32.0,13.0,5.0,Android,Yes,Yes,No,2,Yes,Yes,3999
Lenovo,3500,5.5,Yes,1080,1920,8,2000,16.0,13.0,8.0,Android,Yes,Yes,Yes,2,Yes,Yes,8990
Lenovo,3300,5.5,Yes,1080,1920,8,3000,16.0,13.0,5.0,Android,Yes,Yes,Yes,2,Yes,Yes,8990
Samsung,4000,6.4,Yes,720,1560,8,3000,32.0,13.0,8.0,Android,Yes,Yes,No,1,No,No,9900
Intex,1800,4.5,Yes,480,854,1,1000,8.0,5.0,2.0,Android,Yes,Yes,Yes,2,Yes,Yes,4999
Other,2000,5.0,Yes,480,854,4,1000,8.0,5.0,3.2,Android,Yes,Yes,Yes,2,Yes,No,3999
BlackBerry,4000,5.99,Yes,1080,2160,8,4000,64.0,13.0,16.0,Android,Yes,Yes,Yes,1,No,No,13999
Asus,3000,5.5,Yes,1080,1920,8,4000,64.0,16.0,8.0,Android,Yes,Yes,Yes,2,Yes,Yes,14999
Realme,4230,6.2,Yes,720,1520,8,2000,16.0,13.0,5.0,Android,Yes,Yes,No,1,No,No,7990
Lava,2600,5.5,Yes,720,1280,4,1000,8.0,8.0,5.0,Android,Yes,Yes,Yes,2,Yes,Yes,6400
Samsung,4000,6.0,Yes,1080,1920,8,6000,64.0,16.0,16.0,Android,Yes,Yes,Yes,2,No,Yes,16999
Panasonic,1400,4.0,Yes,480,800,4,512,4.0,5.0,2.0,Android,Yes,Yes,Yes,2,Yes,No,2488
Panasonic,2700,5.5,Yes,720,1280,4,2000,16.0,13.0,5.0,Android,Yes,Yes,Yes,2,Yes,Yes,5549
Realme,4230,6.2,Yes,720,1520,8,3000,32.0,13.0,13.0,Android,Yes,Yes,Yes,2,Yes,Yes,8490
Samsung,3220,5.7,Yes,1440,2560,4,3000,32.0,16.0,3.7,Android,Yes,Yes,Yes,1,Yes,Yes,27900
Lyf,2000,5.0,Yes,720,1280,4,1000,8.0,8.0,5.0,Android,Yes,Yes,Yes,2,Yes,Yes,8399
Intex,2800,5.0,Yes,480,854,4,1000,8.0,5.0,2.0,Android,Yes,Yes,Yes,2,Yes,No,3887
Motorola,2070,5.0,Yes,720,1280,4,1000,16.0,8.0,2.0,Android,Yes,Yes,Yes,2,Yes,No,13500
Motorola,4000,5.0,Yes,720,1280,4,2000,16.0,8.0,2.0,Android,Yes,Yes,Yes,2,Yes,Yes,6190
iBall,1700,4.5,Yes,480,854,2,512,8.0,5.0,2.0,Android,Yes,Yes,Yes,2,Yes,No,3840
Sony,3200,5.2,Yes,1080,1920,4,3000,16.0,20.7,2.2,Android,Yes,Yes,Yes,1,Yes,Yes,35990
Micromax,1450,4.0,Yes,480,800,4,512,4.0,2.0,1.3,Android,Yes,Yes,Yes,2,Yes,No,2240
Tecno,3050,5.5,Yes,720,1440,4,2000,16.0,13.0,13.0,Android,Yes,Yes,No,2,Yes,Yes,5899
Asus,5000,5.5,Yes,1080,1920,8,4000,64.0,12.0,13.0,Android,Yes,Yes,Yes,2,Yes,Yes,26999
Sony,2900,5.2,Yes,1080,1920,4,3000,64.0,23.0,13.0,Android,Yes,Yes,Yes,2,Yes,Yes,11999
Panasonic,2500,5.0,Yes,720,1280,4,2000,16.0,13.0,5.0,Android,Yes,Yes,Yes,2,Yes,Yes,8990
Karbonn,2000,4.0,Yes,480,800,1,256,0.512,2.0,0.3,Android,Yes,Yes,Yes,2,Yes,No,2599
Swipe,3050,5.0,Yes,1080,1920,8,2000,16.0,13.0,8.0,Android,Yes,Yes,Yes,2,Yes,Yes,2999
Lava,2500,5.0,Yes,720,1280,8,1000,8.0,8.0,3.0,Android,Yes,Yes,Yes,2,Yes,No,8500
Nokia,4100,5.0,Yes,720,1280,4,1000,8.0,8.0,5.0,Android,Yes,Yes,Yes,2,Yes,Yes,6999
Karbonn,2300,5.0,Yes,480,854,1,512,4.0,3.2,0.3,Android,Yes,Yes,Yes,2,Yes,No,3999
Intex,2200,5.0,Yes,720,1280,4,2000,16.0,8.0,8.0,Android,Yes,Yes,Yes,2,Yes,Yes,6100
Lyf,2800,5.5,Yes,1080,1920,8,3000,16.0,13.0,5.0,Android,Yes,Yes,Yes,2,Yes,Yes,4990
Gionee,2000,5.0,Yes,720,1280,8,1000,16.0,5.0,2.0,Android,Yes,Yes,Yes,2,Yes,No,6999
Other,4000,6.18,Yes,1080,2246,8,6000,64.0,12.0,20.0,Android,Yes,Yes,Yes,2,Yes,Yes,14990
Intex,1400,4.0,Yes,480,800,1,256,0.512,0.3,0.3,Android,Yes,Yes,Yes,2,Yes,No,2199
Xolo,1800,4.7,Yes,720,1280,4,1000,8.0,8.0,2.0,Windows,Yes,Yes,Yes,2,Yes,No,4495
Intex,2000,5.0,Yes,480,854,4,1000,8.0,5.0,2.0,Android,Yes,Yes,Yes,2,Yes,Yes,4777
InFocus,5000,5.2,Yes,720,1280,4,2000,16.0,13.0,5.0,Android,Yes,Yes,Yes,2,Yes,Yes,7099
LG,3200,5.7,Yes,720,1280,8,3000,16.0,13.0,8.0,Android,Yes,Yes,Yes,1,Yes,Yes,6999
Samsung,3300,5.7,Yes,1080,1920,8,4000,32.0,13.0,13.0,Android,Yes,Yes,Yes,2,Yes,Yes,11046
Lava,1300,4.0,Yes,480,800,4,512,4.0,2.0,0.3,Android,Yes,Yes,No,2,Yes,No,2399
Other,5000,5.2,Yes,720,1280,8,3000,32.0,13.0,5.0,Android,Yes,Yes,Yes,2,Yes,Yes,10500
Micromax,1750,4.5,Yes,480,854,4,1000,8.0,5.0,5.0,Android,Yes,Yes,Yes,2,Yes,Yes,4299
Oppo,4020,6.53,Yes,1080,2340,8,4000,128.0,16.0,16.0,Android,Yes,Yes,No,2,Yes,Yes,11990
Xiaomi,3100,5.5,Yes,720,1280,8,2000,8.0,13.0,5.0,Android,Yes,Yes,Yes,2,Yes,No,7999
Lava,2700,5.0,Yes,720,1280,4,3000,16.0,13.0,5.0,Android,Yes,Yes,Yes,2,Yes,Yes,4999
Xiaomi,3050,5.0,Yes,1080,1920,4,2000,16.0,13.0,2.0,Android,Yes,Yes,Yes,1,Yes,No,13999
Micromax,3000,5.7,Yes,720,1440,8,4000,64.0,20.0,16.0,Android,Yes,Yes,Yes,2,Yes,Yes,6999
Other,2600,5.5,Yes,1080,1920,8,3000,32.0,16.0,8.0,Android,Yes,Yes,Yes,2,Yes,Yes,7399
Vivo,2720,5.5,Yes,720,1280,8,2000,16.0,13.0,5.0,Android,Yes,Yes,Yes,2,Yes,Yes,13000
Samsung,3000,5.5,Yes,720,1280,4,2000,16.0,13.0,5.0,Android,Yes,Yes,Yes,2,Yes,Yes,5990
Lava,4000,5.0,Yes,480,854,4,2000,8.0,8.0,2.0,Android,Yes,Yes,Yes,2,Yes,No,8700
Asus,3300,6.0,Yes,720,1280,2,2000,16.0,13.0,2.0,Android,Yes,Yes,Yes,2,Yes,No,8891
Xiaomi,3000,5.15,Yes,1080,1920,4,3000,32.0,16.0,4.0,Android,Yes,Yes,Yes,2,Yes,Yes,24999
Samsung,2600,5.0,Yes,720,1280,4,1000,8.0,8.0,5.0,Android,Yes,Yes,Yes,1,Yes,Yes,5990
Realme,4230,6.2,Yes,720,1520,8,3000,32.0,13.0,8.0,Android,Yes,Yes,Yes,2,Yes,Yes,8890
Infinix,4000,5.93,Yes,1080,2160,8,4000,64.0,16.0,16.0,Android,Yes,Yes,Yes,1,No,No,15999
Gionee,3000,5.45,Yes,720,1440,4,2000,16.0,13.0,5.0,Android,Yes,Yes,Yes,1,No,No,4488
Lenovo,2300,5.0,Yes,720,1280,4,2000,16.0,8.0,2.0,Android,Yes,Yes,Yes,2,Yes,Yes,6399
Asus,2100,4.5,Yes,480,854,2,1000,8.0,5.0,0.3,Android,Yes,Yes,No,2,Yes,No,5499
BlackBerry,3500,4.5,Yes,1080,1620,8,4000,64.0,12.0,8.0,Android,Yes,Yes,Yes,2,Yes,Yes,19994
Itel,2400,5.0,Yes,480,854,4,2000,16.0,5.0,5.0,Android,Yes,Yes,Yes,2,Yes,Yes,6506
LG,3000,6.1,Yes,1440,3120,8,4000,64.0,16.0,8.0,Android,Yes,Yes,Yes,2,No,No,35999
Motorola,3000,5.5,Yes,1080,1920,8,4000,64.0,12.0,5.0,Android,Yes,Yes,Yes,2,Yes,Yes,10499
Itel,4000,5.45,Yes,480,960,4,1000,8.0,5.0,2.0,Android,Yes,Yes,Yes,2,Yes,Yes,3990
Xiaomi,3080,5.5,Yes,720,1280,4,2000,16.0,13.0,5.0,Android,Yes,Yes,Yes,2,Yes,Yes,5999
Oppo,2140,5.0,Yes,720,1280,4,2000,16.0,13.0,0.0,Android,Yes,Yes,Yes,1,Yes,Yes,9990
Panasonic,2210,5.0,Yes,480,854,4,1000,16.0,8.0,5.0,Android,Yes,Yes,Yes,2,Yes,Yes,6604
Realme,3410,6.0,Yes,1080,2160,8,3000,32.0,13.0,8.0,Android,Yes,Yes,Yes,2,Yes,Yes,10299
Samsung,3400,6.22,Yes,720,1520,8,2000,16.0,13.0,5.0,Android,Yes,Yes,Yes,2,Yes,Yes,6999
Sony,3000,5.0,Yes,1080,1920,1,2000,16.0,20.7,2.0,Android,Yes,Yes,Yes,1,Yes,Yes,56699
Samsung,3000,5.8,Yes,1440,2960,8,4000,64.0,12.0,8.0,Android,Yes,Yes,Yes,2,Yes,Yes,26999
iBall,2000,5.0,Yes,480,854,4,512,4.0,5.0,0.3,Android,Yes,Yes,Yes,2,Yes,No,1999
Xolo,2100,5.0,Yes,720,1280,8,2000,16.0,13.0,5.0,Android,Yes,Yes,Yes,2,Yes,No,5888
Gionee,3100,5.2,Yes,720,1280,4,4000,32.0,13.0,16.0,Android,Yes,Yes,Yes,2,Yes,Yes,6290
Yu,2000,4.7,Yes,720,1280,4,1000,8.0,8.0,2.0,Android,Yes,Yes,Yes,2,Yes,Yes,4695
Apple,2691,5.5,Yes,1080,1920,6,3000,64.0,12.0,7.0,iOS,Yes,Yes,Yes,1,Yes,Yes,47000
HTC,2200,5.0,Yes,720,1280,4,2000,16.0,13.0,5.0,Android,Yes,Yes,Yes,2,Yes,Yes,10299
Micromax,1750,4.5,Yes,480,854,4,1000,8.0,8.0,2.0,Android,Yes,Yes,Yes,2,Yes,Yes,3799
Lava,2750,5.2,Yes,720,1280,4,3000,32.0,8.0,8.0,Android,Yes,Yes,Yes,2,Yes,Yes,9999
Other,3000,5.0,Yes,720,1280,4,2000,16.0,8.0,13.0,Android,Yes,Yes,No,2,Yes,Yes,4294
Karbonn,2900,5.5,Yes,720,1280,4,2000,16.0,13.0,5.0,Android,Yes,Yes,Yes,2,Yes,Yes,6200
Lava,1850,5.0,Yes,480,854,2,512,4.0,5.0,0.3,Android,Yes,Yes,No,2,No,No,2299
Other,3000,5.2,Yes,1440,2560,6,3000,32.0,20.0,5.0,Windows,Yes,Yes,Yes,1,Yes,Yes,41390
Motorola,2600,5.5,Yes,1440,2560,4,4000,64.0,13.0,5.0,Android,Yes,Yes,Yes,2,Yes,Yes,11999
Other,4000,6.39,Yes,1080,2340,8,6000,128.0,48.0,20.0,Android,Yes,Yes,Yes,2,Yes,Yes,29999
Xiaomi,4100,5.0,Yes,720,1280,8,2000,16.0,13.0,5.0,Android,Yes,Yes,Yes,2,Yes,Yes,8999
Lava,3000,5.7,Yes,720,1440,4,2000,16.0,13.0,13.0,Android,Yes,Yes,Yes,2,Yes,Yes,6999
Samsung,3000,5.6,Yes,720,1480,8,3000,32.0,13.0,8.0,Android,Yes,Yes,Yes,2,Yes,Yes,9490
Google,3520,6.0,Yes,1440,2880,8,4000,64.0,12.2,8.0,Android,Yes,Yes,Yes,1,Yes,Yes,12994
Motorola,3630,5.5,Yes,1080,1920,8,2000,16.0,21.0,5.0,Android,Yes,Yes,Yes,2,Yes,Yes,7990
Other,3200,5.5,Yes,720,1280,4,3000,32.0,8.0,5.0,Android,Yes,Yes,Yes,2,Yes,Yes,4229
Samsung,2600,5.0,Yes,540,960,4,1000,8.0,8.0,5.0,Android,Yes,Yes,Yes,2,Yes,Yes,6190
Intex,3650,5.5,Yes,720,1280,4,2000,16.0,8.0,5.0,Android,Yes,Yes,Yes,2,Yes,Yes,6772
LG,2540,4.7,Yes,540,960,4,1000,8.0,8.0,0.3,Android,Yes,Yes,Yes,2,Yes,No,3299
Nubia,5000,5.5,Yes,1080,1920,8,4000,64.0,13.0,16.0,Android,Yes,Yes,Yes,2,Yes,Yes,9049
Xiaomi,3000,5.0,Yes,720,1280,4,2000,16.0,13.0,5.0,Android,Yes,Yes,Yes,2,Yes,Yes,7199
Panasonic,3000,6.18,Yes,1080,2246,8,4000,64.0,16.0,16.0,Android,Yes,Yes,Yes,2,Yes,Yes,8899
Tecno,3750,6.0,Yes,720,1440,8,4000,64.0,16.0,20.0,Android,Yes,Yes,Yes,2,Yes,Yes,7420
Zen,2300,5.0,Yes,480,854,4,1000,8.0,5.0,2.0,Android,Yes,Yes,Yes,2,Yes,Yes,3999
Apple,2716,5.8,Yes,1125,2436,6,3000,64.0,12.0,7.0,iOS,Yes,Yes,Yes,1,Yes,Yes,69999
Karbonn,1800,4.7,Yes,720,1280,4,2000,16.0,8.0,5.0,Android,Yes,Yes,Yes,2,Yes,No,3990
Itel,2700,5.0,Yes,720,1280,4,3000,16.0,8.0,8.0,Android,Yes,Yes,Yes,2,Yes,Yes,5410
Lenovo,2300,5.0,Yes,720,1280,4,1000,8.0,8.0,2.0,Android,Yes,Yes,Yes,2,Yes,Yes,5000
Gionee,3150,5.5,Yes,720,1280,8,3000,16.0,13.0,5.0,Android,Yes,Yes,Yes,2,Yes,Yes,6490
HTC,1860,4.5,Yes,540,960,4,1000,8.0,8.0,1.6,Android,Yes,Yes,Yes,2,Yes,No,22500
HTC,3930,6.0,Yes,1080,2160,8,4000,64.0,12.0,5.0,Android,Yes,Yes,Yes,2,Yes,Yes,19999
Gionee,3130,5.5,Yes,1080,1920,8,4000,32.0,13.0,8.0,Android,Yes,Yes,Yes,2,Yes,Yes,7999
Xiaomi,4000,6.26,Yes,720,1520,8,2000,16.0,12.0,8.0,Android,Yes,Yes,Yes,2,Yes,Yes,7332
InFocus,2000,4.5,Yes,480,854,4,1000,8.0,5.0,5.0,Android,Yes,Yes,Yes,2,Yes,No,3199
Gionee,2500,5.5,Yes,1080,1920,4,2000,16.0,16.0,8.0,Android,Yes,Yes,Yes,1,Yes,Yes,3699
HTC,2000,5.0,Yes,720,1280,8,2000,16.0,13.0,5.0,Android,Yes,Yes,Yes,2,Yes,Yes,5499
Ziox,2600,5.0,Yes,720,1280,4,1000,8.0,8.0,5.0,Android,Yes,Yes,Yes,2,Yes,Yes,3199
Intex,2000,5.0,Yes,480,854,4,1000,8.0,5.0,2.0,Android,Yes,Yes,Yes,2,Yes,Yes,4099
Alcatel,2200,5.0,Yes,720,1280,4,2000,16.0,13.0,8.0,Android,Yes,Yes,Yes,2,No,No,6499
Other,3300,5.5,Yes,720,1440,8,3000,32.0,16.0,8.0,Android,Yes,Yes,No,2,Yes,Yes,4840
Realme,5000,6.5,Yes,720,1600,8,4000,64.0,48.0,13.0,Android,Yes,Yes,Yes,2,Yes,Yes,9999
iVoomi,3000,5.0,Yes,720,1280,4,1000,8.0,5.0,5.0,Android,Yes,Yes,Yes,2,Yes,Yes,4999
Sony,2930,6.0,Yes,1080,1920,8,2000,16.0,13.0,13.0,Android,Yes,Yes,Yes,1,Yes,Yes,25990
Nokia,3060,5.8,Yes,1080,2280,8,4000,32.0,16.0,16.0,Android,Yes,Yes,Yes,2,Yes,Yes,6999
iVoomi,3000,5.2,Yes,720,1280,4,2000,16.0,8.0,8.0,Android,Yes,Yes,Yes,2,Yes,Yes,3790
Panasonic,4000,5.0,Yes,720,1280,4,3000,16.0,13.0,5.0,Android,Yes,Yes,No,2,Yes,Yes,7999
iVoomi,3000,5.2,Yes,720,1280,4,3000,32.0,13.0,8.0,Android,Yes,Yes,Yes,2,Yes,Yes,4950
Other,4000,5.5,Yes,720,1280,4,3000,32.0,13.0,8.0,Android,Yes,Yes,Yes,2,Yes,Yes,6899
Motorola,4000,5.7,Yes,720,1440,4,2000,16.0,13.0,5.0,Android,Yes,Yes,No,2,Yes,Yes,7950
Gionee,1850,4.5,Yes,480,854,4,1000,8.0,5.0,2.0,Android,Yes,Yes,Yes,2,Yes,No,4999
Intex,3000,5.0,Yes,720,1280,4,2000,16.0,13.0,5.0,Android,Yes,Yes,Yes,2,Yes,Yes,4444
Lava,3200,5.7,Yes,720,1520,8,2000,32.0,13.0,5.0,Android,Yes,Yes,Yes,2,No,No,6299
Lenovo,2900,5.5,Yes,1080,1920,8,2000,16.0,13.0,5.0,Android,Yes,Yes,Yes,2,Yes,Yes,9999
Yu,4000,5.5,Yes,1080,1920,8,4000,32.0,13.0,5.0,Android,Yes,Yes,Yes,2,Yes,Yes,4999
Samsung,2400,5.0,Yes,720,1280,4,2000,16.0,13.0,5.0,Android,Yes,Yes,Yes,2,Yes,Yes,12499
Sony,2500,5.3,Yes,720,1280,4,1000,8.0,8.0,1.1,Android,Yes,Yes,Yes,1,Yes,Yes,18490
Micromax,2500,5.0,Yes,720,1280,4,2000,16.0,8.0,5.0,Android,Yes,Yes,Yes,2,Yes,Yes,7998
Honor,4000,6.59,Yes,1080,2340,8,4000,128.0,48.0,16.0,Android,Yes,Yes,Yes,2,Yes,Yes,13999
Nokia,4000,6.26,Yes,720,1520,4,2000,16.0,13.0,5.0,Android,Yes,Yes,Yes,1,No,No,6690
Micromax,5000,5.2,Yes,720,1280,4,1000,16.0,5.0,5.0,Android,Yes,Yes,Yes,2,Yes,Yes,4790
Samsung,3500,6.0,Yes,1080,2220,8,4000,64.0,16.0,24.0,Android,Yes,Yes,Yes,1,No,No,15999
Karbonn,2300,5.0,Yes,480,854,4,1000,8.0,2.0,2.0,Android,Yes,Yes,Yes,2,Yes,Yes,2999
Karbonn,2600,5.0,Yes,720,1280,8,2000,16.0,13.0,5.0,Android,Yes,Yes,Yes,2,Yes,Yes,3999
Vivo,3260,6.3,Yes,1080,2280,8,4000,64.0,13.0,16.0,Android,Yes,Yes,Yes,2,Yes,Yes,16490
Coolpad,2500,5.0,Yes,720,1280,4,3000,16.0,13.0,8.0,Android,Yes,Yes,Yes,2,Yes,Yes,4290
BlackBerry,2800,5.0,Yes,720,1280,2,2000,16.0,8.0,2.0,BlackBerry,Yes,Yes,Yes,1,Yes,Yes,7200
Swipe,2500,5.0,Yes,720,1280,4,3000,32.0,13.0,8.0,Android,Yes,Yes,Yes,2,Yes,Yes,4400
Other,2300,4.0,Yes,480,800,4,1000,8.0,5.0,2.0,Android,Yes,Yes,Yes,2,Yes,Yes,2550
Sony,2370,4.6,Yes,720,1280,2,1000,8.0,8.0,0.3,Android,Yes,Yes,Yes,1,Yes,Yes,21490
Lava,1800,4.5,Yes,480,854,4,1000,4.0,8.0,2.0,Android,Yes,Yes,Yes,2,Yes,No,3632
HTC,3200,5.5,Yes,1440,2560,8,3000,32.0,16.0,8.0,Android,Yes,Yes,Yes,1,Yes,Yes,11100
Micromax,2500,5.0,Yes,720,1280,4,1000,8.0,5.0,5.0,Android,Yes,Yes,Yes,2,Yes,Yes,3480
Samsung,2600,5.0,Yes,540,960,4,2000,16.0,8.0,5.0,Android,Yes,Yes,Yes,2,Yes,Yes,6799
Intex,2000,5.0,Yes,480,854,4,1000,8.0,5.0,2.0,Android,Yes,Yes,Yes,2,No,Yes,3690
Xiaomi,4100,5.5,Yes,1080,1920,8,2000,32.0,13.0,5.0,Android,Yes,Yes,Yes,2,Yes,Yes,9990
Panasonic,2000,5.0,Yes,720,1280,4,1000,8.0,8.0,2.0,Android,Yes,Yes,Yes,2,Yes,Yes,5830
Infinix,4300,5.7,Yes,1080,1920,4,3000,32.0,13.0,8.0,Android,Yes,Yes,Yes,2,No,Yes,8999
Sony,2330,5.0,Yes,1080,1920,4,2000,16.0,13.1,2.2,Android,Yes,Yes,Yes,1,Yes,Yes,32490
Zopo,2100,5.0,Yes,720,1280,4,2000,16.0,8.0,5.0,Android,Yes,Yes,Yes,2,Yes,Yes,4289
Motorola,2470,5.0,Yes,720,1280,4,1000,8.0,13.0,5.0,Android,Yes,Yes,Yes,2,Yes,Yes,10999
Lava,2200,5.5,Yes,480,800,4,1000,8.0,5.0,2.0,Android,Yes,Yes,Yes,2,Yes,No,4200
Micromax,2100,5.0,Yes,720,1280,8,3000,16.0,13.0,5.0,Android,Yes,Yes,Yes,2,Yes,Yes,4150
Samsung,3000,5.5,Yes,720,1280,8,2000,16.0,13.0,5.0,Android,Yes,Yes,Yes,2,Yes,Yes,10990
Other,1500,4.0,Yes,480,800,4,1000,8.0,3.2,2.0,Android,Yes,Yes,No,2,Yes,Yes,3199
Infinix,4000,6.21,Yes,720,1520,8,3000,32.0,13.0,32.0,Android,Yes,Yes,Yes,2,No,No,7999
Motorola,4000,6.3,Yes,1080,2280,8,4000,64.0,48.0,25.0,Android,Yes,Yes,Yes,2,Yes,Yes,12999
iVoomi,2000,4.5,Yes,480,854,4,1000,8.0,5.0,5.0,Android,Yes,Yes,Yes,2,Yes,Yes,3450
Nokia,3000,5.2,Yes,720,1280,8,2000,16.0,13.0,8.0,Android,Yes,Yes,Yes,2,Yes,Yes,8999
Micromax,2000,4.7,Yes,720,1280,4,1000,8.0,8.0,5.0,Android,Yes,Yes,Yes,2,Yes,Yes,4990
Itel,3000,5.65,Yes,720,1440,4,3000,16.0,13.0,13.0,Android,Yes,Yes,No,2,Yes,Yes,8480
Nokia,3400,6.0,Yes,720,1280,2,1000,8.0,5.0,0.3,Windows,Yes,Yes,Yes,1,Yes,Yes,9960
Other,4500,5.2,Yes,1080,1920,8,4000,64.0,16.0,8.0,Android,Yes,Yes,No,1,No,No,67900
BlackBerry,2180,3.1,Yes,720,720,2,2000,8.0,5.0,2.0,BlackBerry,Yes,Yes,Yes,1,Yes,Yes,10800
Sony,2700,6.0,Yes,1080,1920,8,4000,64.0,23.0,16.0,Android,Yes,Yes,Yes,2,No,Yes,5994
Other,4000,5.5,Yes,720,1280,8,3000,32.0,8.0,8.0,Android,Yes,Yes,Yes,2,Yes,Yes,7190
Infinix,4000,5.65,Yes,720,1440,8,3000,32.0,13.0,20.0,Android,Yes,Yes,Yes,2,Yes,Yes,9999
Micromax,2000,5.0,Yes,480,854,4,512,4.0,5.0,2.0,Android,Yes,Yes,Yes,2,Yes,No,2999
Other,4000,5.99,Yes,720,1440,4,3000,32.0,13.0,13.0,Android,Yes,Yes,Yes,2,No,No,4378
Other,1600,4.0,Yes,480,800,2,512,4.0,5.0,0.3,Android,Yes,Yes,Yes,1,Yes,No,3199
Honor,3400,6.21,Yes,1080,2340,8,3000,32.0,13.0,24.0,Android,Yes,Yes,Yes,2,Yes,Yes,7999
Honor,3000,5.0,Yes,1080,1920,8,3000,16.0,13.0,5.0,Android,Yes,Yes,Yes,1,Yes,Yes,14999
Vivo,3000,5.7,Yes,720,1440,8,4000,32.0,16.0,24.0,Android,Yes,Yes,Yes,2,Yes,Yes,13990
Other,5000,5.0,Yes,1080,1920,8,3000,32.0,13.0,8.0,Android,Yes,Yes,Yes,2,No,No,44990
Intex,1400,4.0,Yes,480,800,4,512,4.0,2.0,2.0,Android,Yes,Yes,Yes,2,Yes,No,2199
Micromax,3050,5.0,Yes,720,1280,4,3000,16.0,13.0,5.0,Android,Yes,Yes,Yes,2,Yes,Yes,4399
Lava,2250,4.0,Yes,400,800,4,1000,8.0,2.0,2.0,Android,Yes,Yes,Yes,2,Yes,Yes,3499
Lenovo,4100,5.5,Yes,1080,1920,4,3000,64.0,13.0,8.0,Android,Yes,Yes,Yes,2,Yes,Yes,7499
Other,2500,5.0,Yes,720,1280,4,2000,16.0,8.0,8.0,Android,Yes,Yes,Yes,1,Yes,Yes,3840
Other,2000,4.5,Yes,480,854,4,1000,8.0,5.0,3.2,Android,Yes,Yes,Yes,2,Yes,Yes,3900
Itel,5000,5.0,Yes,480,854,4,1000,8.0,5.0,2.0,Android,Yes,Yes,Yes,1,No,No,3880
Apple,3969,6.5,Yes,1242,2688,6,4000,64.0,12.0,12.0,iOS,Yes,Yes,Yes,2,Yes,Yes,106900
Nokia,2150,4.5,Yes,480,854,4,1000,8.0,5.0,2.0,Android,Yes,Yes,Yes,2,Yes,Yes,4672
Swipe,4000,5.5,Yes,720,1280,4,2000,16.0,8.0,5.0,Android,Yes,Yes,Yes,2,Yes,Yes,4499
Lava,2000,4.5,Yes,480,800,4,1000,8.0,5.0,5.0,Android,Yes,Yes,Yes,2,Yes,Yes,4900
Micromax,3000,6.0,Yes,540,960,4,1000,8.0,8.0,2.0,Android,Yes,Yes,Yes,2,Yes,No,9500
Other,3000,5.5,Yes,1080,1920,10,4000,32.0,21.0,8.0,Android,Yes,Yes,Yes,1,Yes,Yes,5890
Zen,2000,5.0,No,480,854,4,768,8.0,5.0,2.0,Android,Yes,Yes,Yes,2,Yes,Yes,2999
Gionee,3100,5.5,Yes,720,1080,8,3000,32.0,13.0,5.0,Android,Yes,Yes,Yes,2,No,No,5999
iBall,2100,5.0,Yes,480,854,4,1000,8.0,8.0,3.2,Android,Yes,Yes,Yes,2,Yes,Yes,4699
Coolpad,2500,5.47,Yes,720,1440,4,2000,16.0,8.0,5.0,Android,Yes,Yes,No,1,No,No,3900
Honor,3600,5.5,Yes,1080,1920,8,3000,32.0,8.0,8.0,Android,Yes,Yes,Yes,2,Yes,Yes,26499
Intex,2500,5.0,Yes,720,1280,4,2000,16.0,8.0,5.0,Android,Yes,Yes,Yes,2,Yes,Yes,4970
Vivo,5000,6.35,Yes,720,1544,8,4000,128.0,13.0,20.0,Android,Yes,Yes,Yes,2,No,No,11490
Xolo,2000,5.0,Yes,720,1280,4,1000,8.0,8.0,2.0,Android,Yes,Yes,Yes,2,Yes,No,13677
Vivo,3000,5.5,Yes,1080,1920,8,4000,32.0,13.0,8.0,Android,Yes,Yes,Yes,2,Yes,Yes,17979
Samsung,3200,5.7,Yes,1080,1920,8,3000,32.0,13.0,2.0,Android,Yes,Yes,Yes,1,Yes,Yes,50650
Yu,4000,6.0,Yes,1080,1920,8,3000,16.0,13.0,5.0,Android,Yes,Yes,Yes,2,Yes,Yes,6499
Other,5000,5.5,Yes,1080,1920,8,4000,32.0,13.0,8.0,Android,Yes,Yes,Yes,2,Yes,Yes,12499
Lenovo,2900,5.5,Yes,720,1280,8,2000,8.0,8.0,5.0,Android,Yes,Yes,Yes,2,Yes,Yes,6666
Ziox,3000,5.0,Yes,480,854,4,1000,16.0,5.0,5.0,Android,Yes,Yes,Yes,2,No,Yes,3499
Xolo,4000,5.7,Yes,1080,1920,4,2000,16.0,13.0,5.0,Android,Yes,Yes,Yes,2,Yes,No,18138
Motorola,1980,4.3,Yes,540,960,2,1000,4.0,5.0,0.0,Android,Yes,Yes,Yes,2,Yes,No,4999
Lyf,2800,4.5,Yes,480,854,4,1000,8.0,5.0,2.0,Android,Yes,Yes,Yes,2,Yes,Yes,3499
Coolpad,2500,5.0,Yes,720,1280,4,3000,16.0,13.0,5.0,Android,Yes,Yes,Yes,2,Yes,Yes,4999
iVoomi,3000,5.0,Yes,1440,2560,4,1000,8.0,5.0,5.0,Android,Yes,Yes,Yes,2,Yes,Yes,3900
Asus,3000,5.5,Yes,1080,1920,8,4000,64.0,16.0,12.0,Android,Yes,Yes,Yes,2,Yes,Yes,25999
Vivo,3400,6.41,Yes,1080,2340,8,6000,64.0,12.0,25.0,Android,Yes,Yes,Yes,2,Yes,Yes,14990
Panasonic,1400,3.5,Yes,480,800,2,512,4.0,2.0,0.3,Android,Yes,Yes,No,2,Yes,No,2000
Lyf,3000,5.5,Yes,720,1280,8,2000,16.0,13.0,5.0,Android,No,Yes,Yes,2,No,Yes,7000
Lava,2000,4.7,Yes,540,960,4,1000,4.0,8.0,0.3,Android,Yes,Yes,Yes,2,Yes,No,5040
Intex,2200,5.0,Yes,720,1280,4,3000,16.0,8.0,2.0,Android,Yes,Yes,Yes,2,Yes,Yes,6800
Zopo,2680,5.0,Yes,1080,1920,8,3000,32.0,13.0,13.0,Android,Yes,Yes,Yes,2,Yes,Yes,7399
Intex,3000,5.0,Yes,720,1280,4,2000,16.0,8.0,5.0,Android,Yes,Yes,Yes,2,Yes,Yes,4500
Other,3500,5.5,Yes,720,1440,8,3000,32.0,13.0,8.0,Android,Yes,Yes,No,2,Yes,Yes,4900
Other,2700,5.0,Yes,720,1280,4,3000,32.0,16.0,8.0,Android,Yes,Yes,Yes,2,Yes,Yes,7249
Intex,1400,4.0,No,480,800,4,512,4.0,2.0,0.3,Android,Yes,Yes,Yes,1,Yes,Yes,3990
Itel,1700,4.0,Yes,480,800,4,1000,8.0,2.0,0.3,Android,Yes,Yes,Yes,2,Yes,Yes,3749
Intex,1500,4.0,Yes,480,800,4,512,8.0,5.0,0.3,Android,Yes,Yes,Yes,2,Yes,No,2599
Samsung,4000,6.5,Yes,720,1560,8,3000,32.0,13.0,8.0,Android,Yes,Yes,Yes,2,Yes,Yes,10999
Lyf,2000,4.5,Yes,480,854,4,1000,8.0,5.0,2.0,Android,Yes,Yes,Yes,2,No,Yes,3590
Apple,2658,5.8,Yes,1125,2436,6,4000,64.0,12.0,7.0,iOS,Yes,Yes,Yes,2,Yes,Yes,59999
Swipe,3000,5.0,Yes,720,1280,4,2000,16.0,13.0,5.0,Android,Yes,Yes,Yes,2,Yes,No,2990
Xiaomi,4000,6.39,Yes,1080,2340,8,6000,64.0,48.0,20.0,Android,Yes,Yes,Yes,2,Yes,Yes,19282
Panasonic,4000,6.19,Yes,720,1500,8,4000,64.0,13.0,8.0,Android,Yes,Yes,No,2,Yes,Yes,8490
Panasonic,2200,5.0,Yes,720,1280,4,1000,16.0,8.0,5.0,Android,Yes,Yes,Yes,2,Yes,Yes,4990
InFocus,2300,4.5,Yes,850,480,4,2000,8.0,8.0,5.0,Android,Yes,Yes,Yes,2,Yes,Yes,3740
Tecno,4000,6.55,Yes,720,1600,8,4000,64.0,16.0,8.0,Android,Yes,Yes,Yes,2,Yes,Yes,9960
Intex,2000,5.0,Yes,720,1280,4,1000,8.0,8.0,2.0,Android,Yes,Yes,Yes,2,Yes,Yes,4699
Meizu,4000,5.5,Yes,1080,1920,8,3000,16.0,13.0,5.0,Android,Yes,Yes,Yes,2,No,Yes,5490
Infinix,4000,6.19,Yes,720,1500,8,6000,64.0,13.0,13.0,Android,Yes,Yes,Yes,2,Yes,Yes,10999
Intex,2900,4.0,Yes,480,800,4,512,4.0,5.0,2.0,Android,Yes,Yes,Yes,2,Yes,No,4050
Samsung,3300,6.7,Yes,1080,2636,8,8000,256.0,12.0,10.0,Android,Yes,Yes,Yes,1,No,No,174990
Intex,2300,5.5,Yes,720,1280,4,1000,8.0,8.0,2.0,Android,Yes,Yes,Yes,2,Yes,No,8200
Xiaomi,3000,5.45,Yes,720,1440,4,2000,16.0,13.0,5.0,Android,Yes,Yes,Yes,2,Yes,Yes,5699
Motorola,4000,5.7,Yes,720,1440,8,3000,32.0,13.0,8.0,Android,Yes,Yes,No,2,No,Yes,8049
Lava,1750,4.5,Yes,480,800,4,1000,8.0,5.0,0.3,Android,Yes,Yes,Yes,2,Yes,No,6999
Vivo,3000,5.5,Yes,720,1280,8,4000,64.0,13.0,20.0,Android,Yes,Yes,Yes,2,Yes,Yes,12990
Panasonic,2500,5.5,Yes,720,1280,8,1000,8.0,13.0,2.0,Android,Yes,Yes,Yes,2,Yes,No,11900
Nokia,1430,4.0,Yes,480,800,2,1000,8.0,5.0,0.0,Windows,Yes,Yes,Yes,1,Yes,No,7500
iVoomi,3000,5.0,Yes,720,1280,4,2000,16.0,8.0,5.0,Android,Yes,Yes,Yes,2,Yes,Yes,3290
Vivo,2730,5.2,Yes,1280,720,8,2000,16.0,8.0,5.0,Android,Yes,Yes,Yes,1,No,No,10450
Lyf,2000,4.5,Yes,480,854,4,1000,8.0,8.0,5.0,Android,Yes,Yes,Yes,2,Yes,Yes,2545
Karbonn,2200,5.0,Yes,720,1280,4,2000,16.0,8.0,5.0,Android,Yes,Yes,Yes,2,Yes,No,2999
Other,2000,5.0,Yes,720,1280,4,2000,16.0,8.0,5.0,Android,Yes,Yes,Yes,2,Yes,Yes,7499
Ziox,2500,5.0,No,480,854,4,1000,8.0,5.0,5.0,Android,Yes,Yes,Yes,1,Yes,Yes,3499
Lenovo,5000,5.5,Yes,1080,1920,8,3000,32.0,13.0,5.0,Android,Yes,Yes,Yes,2,Yes,Yes,7679
Panasonic,2400,4.0,Yes,800,480,4,512,8.0,2.0,0.3,Android,Yes,Yes,No,2,Yes,No,2190
Xiaomi,2200,4.7,Yes,720,1280,4,2000,16.0,8.0,2.0,Android,Yes,Yes,Yes,2,Yes,Yes,6999
LG,2800,5.3,Yes,1440,2560,4,4000,32.0,16.0,8.0,Android,Yes,Yes,Yes,2,Yes,Yes,10999
Apple,2900,5.5,Yes,1080,1920,4,3000,32.0,12.0,7.0,iOS,Yes,Yes,Yes,1,Yes,Yes,34999
Intex,3400,5.5,Yes,720,1280,4,2000,16.0,13.0,5.0,Android,Yes,Yes,Yes,2,Yes,Yes,6999
Google,3430,6.3,Yes,1440,2960,8,4000,64.0,12.2,8.0,Android,Yes,Yes,Yes,1,Yes,Yes,47990
Sony,2620,5.2,Yes,720,1280,8,2000,16.0,13.0,8.0,Android,Yes,Yes,Yes,2,Yes,Yes,9990
Asus,4000,6.0,Yes,1080,2160,8,8000,128.0,12.0,8.0,Android,Yes,Yes,Yes,2,Yes,Yes,69999
Micromax,2900,5.2,Yes,1080,1920,8,3000,16.0,13.0,5.0,Android,Yes,Yes,Yes,2,Yes,Yes,6800
Samsung,3000,5.2,Yes,1080,1920,8,3000,32.0,16.0,16.0,Android,Yes,Yes,Yes,2,Yes,Yes,18999
Intex,2300,5.0,Yes,480,854,4,1000,8.0,5.0,5.0,Android,Yes,Yes,Yes,2,Yes,Yes,3299
Yu,4000,5.45,Yes,720,1440,4,2000,16.0,13.0,5.0,Android,Yes,Yes,Yes,2,No,Yes,3999
Nokia,2990,5.2,Yes,720,1440,8,2000,16.0,13.0,8.0,Android,Yes,Yes,Yes,1,No,No,5994
Other,2000,5.0,Yes,720,1280,4,2000,32.0,8.0,5.0,Android,Yes,Yes,Yes,2,Yes,Yes,3999
Intex,2100,5.0,Yes,720,1280,4,2000,16.0,13.0,5.0,Android,Yes,Yes,Yes,2,No,Yes,7490
Samsung,3300,5.5,Yes,1080,1920,8,3000,16.0,13.0,5.0,Android,Yes,Yes,Yes,1,Yes,Yes,9999
Gionee,2400,5.0,Yes,720,1280,4,2000,16.0,8.0,5.0,Android,Yes,Yes,Yes,2,Yes,Yes,10200
Motorola,2800,5.0,Yes,720,1280,4,2000,16.0,8.0,5.0,Android,Yes,Yes,Yes,2,Yes,Yes,8499
Tecno,3050,5.65,Yes,720,1440,4,3000,32.0,13.0,13.0,Android,Yes,Yes,Yes,2,Yes,Yes,5930
Lenovo,2300,5.0,Yes,720,1280,4,1000,16.0,8.0,2.0,Android,Yes,Yes,Yes,2,Yes,Yes,7450
Realme,4000,6.5,Yes,1080,2400,8,6000,64.0,64.0,16.0,Android,Yes,Yes,Yes,2,Yes,Yes,27999
Other,5000,5.2,Yes,720,1280,4,3000,32.0,13.0,8.0,Android,Yes,Yes,Yes,2,No,Yes,8666
Lava,2000,5.0,Yes,480,854,4,512,8.0,5.0,2.0,Android,Yes,Yes,Yes,2,Yes,No,2899
Vivo,3000,5.2,Yes,1080,1920,8,4000,64.0,13.0,16.0,Android,Yes,Yes,Yes,2,Yes,Yes,9999
Micromax,2300,4.7,Yes,720,1280,8,2000,16.0,13.0,13.0,Android,Yes,Yes,Yes,2,Yes,No,13895
Asus,5000,6.4,Yes,1080,2340,8,6000,64.0,48.0,48.0,Android,Yes,Yes,Yes,2,Yes,Yes,27999
Panasonic,2500,5.5,Yes,720,1280,8,2000,16.0,13.0,5.0,Android,Yes,Yes,Yes,2,Yes,Yes,6990
Xiaomi,5300,6.44,Yes,1080,1920,8,4000,32.0,12.0,5.0,Android,Yes,Yes,Yes,2,Yes,Yes,8999
Panasonic,3000,5.5,Yes,720,1280,8,3000,32.0,13.0,5.0,Android,Yes,Yes,Yes,2,Yes,Yes,13990
HTC,3000,5.2,Yes,1440,2560,8,3000,32.0,12.0,5.0,Android,Yes,Yes,Yes,1,Yes,Yes,9751
Alcatel,2000,5.0,Yes,480,960,4,1000,8.0,5.0,2.0,Android,Yes,Yes,Yes,1,Yes,Yes,3499
Other,2420,5.0,Yes,720,1280,4,2000,16.0,8.0,8.0,Android,Yes,Yes,Yes,1,Yes,Yes,5750
Lenovo,4050,6.4,Yes,720,1280,4,3000,32.0,13.0,5.0,Android,Yes,Yes,Yes,1,Yes,Yes,8999
Other,2500,5.5,Yes,720,1280,4,2000,16.0,8.0,5.0,Android,Yes,Yes,Yes,2,Yes,Yes,4989
InFocus,2400,5.0,Yes,720,1280,4,1000,8.0,5.0,5.0,Android,Yes,Yes,Yes,1,No,No,3899
LG,2540,5.0,Yes,480,854,4,1000,8.0,8.0,5.0,Android,Yes,Yes,Yes,2,Yes,No,3999
Samsung,1950,3.8,No,480,800,4,2000,16.0,8.0,5.0,Android,Yes,Yes,Yes,1,No,Yes,16990
iBall,2600,5.5,Yes,720,1280,4,2000,16.0,13.0,8.0,Android,Yes,Yes,Yes,2,Yes,Yes,7599
LG,2540,5.0,Yes,720,1280,4,1000,8.0,8.0,1.3,Android,Yes,Yes,Yes,1,Yes,Yes,5999
Motorola,3000,5.7,Yes,1440,2560,6,3000,16.0,21.0,5.0,Android,Yes,Yes,Yes,2,Yes,Yes,20999
LG,2300,4.93,Yes,720,1280,4,2000,16.0,13.0,8.0,Android,Yes,Yes,Yes,1,Yes,Yes,7990
Other,2000,5.0,Yes,720,1280,4,1000,16.0,8.0,5.0,Windows,Yes,Yes,Yes,1,Yes,Yes,9990
Xiaomi,4000,5.99,Yes,1080,2160,8,4000,64.0,12.0,20.0,Android,Yes,Yes,Yes,2,Yes,Yes,9349
Xolo,2350,5.0,Yes,720,1280,4,1000,8.0,5.0,5.0,Android,Yes,Yes,Yes,2,No,No,4099
LG,3300,6.0,Yes,1440,2880,8,4000,128.0,16.0,5.0,Android,Yes,Yes,Yes,2,Yes,Yes,27999
Gionee,2000,5.0,Yes,1080,1920,4,2000,32.0,13.0,5.0,Android,Yes,Yes,Yes,1,Yes,No,21450
iVoomi,3000,5.0,Yes,720,1280,4,2000,16.0,8.0,5.0,Android,Yes,Yes,Yes,2,Yes,Yes,3499
Karbonn,2150,5.0,Yes,720,1280,4,1000,8.0,8.0,5.0,Android,Yes,Yes,Yes,2,Yes,Yes,6326
Honor,4000,6.26,Yes,720,1520,8,4000,32.0,13.0,8.0,Android,Yes,Yes,Yes,2,Yes,Yes,7999
Samsung,3300,5.5,Yes,720,1080,8,2000,16.0,13.0,5.0,Android,Yes,Yes,Yes,2,Yes,Yes,13450
Intex,2500,5.0,Yes,720,1280,4,1000,8.0,8.0,2.0,Android,Yes,Yes,Yes,2,Yes,Yes,2999
Intex,2000,5.0,Yes,720,1280,4,1000,8.0,5.0,0.3,Android,Yes,Yes,Yes,2,Yes,No,5300
Panasonic,1600,4.5,Yes,480,854,4,1000,8.0,5.0,2.0,Android,Yes,Yes,Yes,2,Yes,No,6760
Samsung,2100,5.0,Yes,480,800,2,1000,8.0,8.0,2.0,Android,Yes,Yes,Yes,2,Yes,No,8999
Samsung,3000,5.7,Yes,1440,2560,8,4000,32.0,16.0,5.0,Android,Yes,Yes,Yes,1,Yes,Yes,14999
Motorola,3000,5.7,Yes,1080,2160,8,3000,32.0,12.0,16.0,Android,Yes,Yes,No,2,Yes,Yes,10499
Samsung,3300,5.5,Yes,1080,1920,8,3000,16.0,13.0,8.0,Android,Yes,Yes,Yes,2,Yes,Yes,15995
Other,3500,5.5,Yes,1080,1920,8,3000,32.0,13.0,8.0,Android,Yes,Yes,Yes,2,Yes,Yes,4890
Google,2700,5.0,Yes,1080,1920,8,4000,64.0,12.2,8.0,Android,Yes,Yes,Yes,1,Yes,Yes,9994
Vivo,4030,6.22,Yes,720,1520,8,2000,16.0,13.0,5.0,Android,Yes,Yes,Yes,2,Yes,Yes,6799
Videocon,2000,5.0,Yes,480,854,4,1000,8.0,8.0,5.0,Android,Yes,Yes,Yes,2,Yes,No,2940
Intex,2300,5.0,Yes,480,854,2,1000,8.0,2.0,0.3,Android,Yes,Yes,Yes,2,Yes,No,4690
Intex,2300,5.0,Yes,480,854,2,512,8.0,2.0,0.3,Android,Yes,Yes,Yes,2,Yes,No,4090
Samsung,1200,2.8,Yes,240,320,1,289,3.0,2.0,0.0,Android,Yes,Yes,Yes,1,Yes,No,3190
Google,3700,6.3,Yes,1440,3040,8,6000,64.0,16.0,8.0,Android,Yes,Yes,Yes,2,Yes,Yes,83900
Nokia,3500,6.0,Yes,720,1440,8,3000,32.0,13.0,8.0,Android,Yes,Yes,Yes,2,Yes,Yes,6850
Samsung,5000,6.9,Yes,1440,3200,8,12000,128.0,108.0,40.0,Android,Yes,Yes,Yes,2,Yes,Yes,92999
Xiaomi,4000,6.3,Yes,1080,2340,8,3000,32.0,12.0,13.0,Android,Yes,Yes,Yes,2,Yes,Yes,9699
Karbonn,2800,5.5,Yes,720,1280,4,1000,8.0,5.0,3.2,Android,Yes,Yes,Yes,2,Yes,Yes,5900
Asus,6000,6.59,Yes,1080,2340,8,8000,128.0,48.0,24.0,Android,Yes,Yes,Yes,1,Yes,Yes,37999
Lenovo,2000,4.5,Yes,480,854,4,1000,8.0,5.0,2.0,Android,Yes,Yes,Yes,2,Yes,Yes,6000
Nokia,3000,5.5,Yes,1080,1920,8,2000,16.0,16.0,8.0,Android,Yes,Yes,Yes,2,Yes,Yes,7250
Huawei,4500,6.53,Yes,1176,2400,8,8000,128.0,40.0,32.0,Android,Yes,Yes,Yes,2,Yes,Yes,77299
Vivo,2200,4.7,Yes,540,960,4,1000,16.0,8.0,5.0,Android,Yes,Yes,Yes,2,Yes,Yes,8599
Karbonn,2900,5.2,Yes,720,1280,4,2000,16.0,8.0,8.0,Android,Yes,Yes,Yes,2,No,No,6999
Asus,3000,5.5,Yes,720,1280,4,2000,16.0,13.0,5.0,Android,Yes,Yes,Yes,2,Yes,Yes,6110
HTC,1800,4.3,Yes,480,800,4,1000,4.0,8.0,1.6,Android,Yes,Yes,Yes,2,Yes,No,19000
Yu,3000,5.2,Yes,1080,1920,4,3000,16.0,13.0,5.0,Android,Yes,Yes,Yes,2,Yes,Yes,7000
Lava,2000,5.0,Yes,720,1280,4,1000,4.0,8.0,2.0,Android,Yes,Yes,Yes,2,Yes,No,9499
Intex,1800,4.5,Yes,480,854,4,1000,8.0,5.0,2.0,Android,Yes,Yes,No,2,Yes,Yes,3949
Xolo,2000,4.7,Yes,720,1280,4,1000,4.0,8.0,2.0,Android,Yes,Yes,Yes,1,Yes,No,14153
Asus,3000,5.5,Yes,1080,1920,4,4000,64.0,13.0,5.0,Android,Yes,Yes,Yes,1,Yes,Yes,15999
Lyf,2300,5.0,Yes,720,1280,4,1000,8.0,8.0,5.0,Android,Yes,Yes,Yes,2,Yes,Yes,7000
Samsung,3000,5.5,Yes,720,1280,8,4000,32.0,13.0,8.0,Android,Yes,Yes,Yes,2,No,No,10640
Vivo,2260,4.7,Yes,720,1280,4,1000,16.0,8.0,5.0,Android,Yes,Yes,Yes,2,Yes,Yes,9001
Karbonn,2250,5.0,Yes,720,1280,4,2000,16.0,8.0,5.0,Android,Yes,Yes,Yes,2,Yes,Yes,8649
Panasonic,2910,5.5,Yes,720,1280,4,1000,8.0,8.0,2.0,Android,Yes,Yes,Yes,2,Yes,No,8499
Infinix,4000,6.6,Yes,720,1600,8,4000,64.0,16.0,32.0,Android,Yes,Yes,Yes,2,Yes,Yes,8999
Oppo,3075,5.5,Yes,720,1280,8,3000,32.0,13.0,16.0,Android,Yes,Yes,Yes,2,Yes,Yes,15990
Micromax,1800,4.69,Yes,720,1280,4,1000,4.0,8.0,5.0,Android,Yes,Yes,Yes,2,Yes,No,6495
Oppo,3180,5.7,Yes,720,1440,8,2000,16.0,13.0,8.0,Android,Yes,Yes,Yes,2,Yes,Yes,6799
Karbonn,3000,5.5,Yes,1080,1920,4,3000,32.0,13.0,13.0,Android,Yes,Yes,Yes,2,Yes,Yes,4799
Nubia,3630,5.5,Yes,1080,1920,8,4000,64.0,13.0,16.0,Android,Yes,Yes,Yes,2,Yes,Yes,12990
Intex,4000,5.0,Yes,720,1280,4,2000,16.0,8.0,8.0,Android,Yes,Yes,Yes,1,No,No,5440
iVoomi,4000,5.45,Yes,720,1440,4,2000,16.0,13.0,8.0,Android,Yes,Yes,Yes,2,Yes,Yes,4999
LG,2500,5.0,Yes,480,854,4,2000,16.0,8.0,5.0,Android,Yes,Yes,Yes,2,Yes,Yes,4321
Nokia,3500,6.18,Yes,1080,2244,8,4000,64.0,12.0,20.0,Android,Yes,Yes,Yes,2,Yes,Yes,18000
Karbonn,2300,5.0,Yes,480,854,4,1000,8.0,5.0,8.0,Android,Yes,Yes,Yes,2,Yes,Yes,3282
Xolo,2250,5.0,Yes,720,1280,4,1000,8.0,8.0,2.0,Android,Yes,Yes,Yes,2,Yes,No,13606
HTC,2150,5.0,Yes,1080,1920,8,3000,32.0,13.0,4.0,Android,Yes,Yes,Yes,1,Yes,Yes,30149
Vivo,3260,6.22,Yes,720,1520,8,4000,32.0,13.0,8.0,Android,Yes,Yes,Yes,2,Yes,Yes,10399
Vivo,5000,6.35,Yes,720,1544,8,3000,64.0,8.0,8.0,Android,Yes,Yes,Yes,2,Yes,Yes,9550
Honor,3020,5.0,Yes,720,1280,8,3000,32.0,13.0,5.0,Android,Yes,Yes,Yes,2,Yes,Yes,8499
Tecno,3050,5.5,Yes,720,1440,4,2000,16.0,13.0,8.0,Android,Yes,Yes,No,2,Yes,Yes,4599
Xolo,4000,5.0,Yes,720,1280,4,2000,8.0,8.0,5.0,Android,Yes,Yes,Yes,2,Yes,Yes,4999
Honor,3100,5.2,Yes,1080,1920,8,3000,16.0,20.0,8.0,Android,Yes,Yes,Yes,1,Yes,Yes,15999
Sony,3180,5.7,Yes,1080,2160,8,4000,64.0,19.0,5.0,Android,Yes,Yes,Yes,2,Yes,Yes,57900
Other,2700,5.0,Yes,720,1280,4,1000,32.0,8.0,5.0,Android,Yes,Yes,Yes,2,No,Yes,4995
Lava,2000,4.5,Yes,854,480,4,1000,8.0,8.0,5.0,Android,Yes,Yes,Yes,2,Yes,No,2999
Xiaomi,3080,5.5,Yes,1080,1920,8,4000,32.0,12.0,5.0,Android,Yes,Yes,Yes,2,Yes,Yes,9999
Motorola,3000,5.9,Yes,720,1440,8,4000,64.0,13.0,8.0,Android,Yes,Yes,No,1,No,No,9490
Samsung,3600,5.5,Yes,1440,2560,8,4000,32.0,12.0,5.0,Android,Yes,Yes,Yes,2,Yes,Yes,39996
Apple,1810,4.7,Yes,750,1334,2,1000,16.0,8.0,1.2,iOS,Yes,Yes,Yes,1,Yes,Yes,15999
Gionee,3030,5.7,Yes,720,1440,8,4000,32.0,13.0,16.0,Android,Yes,Yes,Yes,2,Yes,Yes,6319
Micromax,2000,4.5,Yes,480,854,1,1000,8.0,5.0,5.0,Android,Yes,Yes,Yes,2,Yes,Yes,3290
Tecno,6000,6.35,Yes,720,1548,8,4000,64.0,13.0,13.0,Android,Yes,Yes,No,2,Yes,Yes,8499
Xiaomi,4000,6.26,Yes,1080,2280,8,4000,64.0,12.0,20.0,Android,Yes,Yes,Yes,2,Yes,Yes,9580
Xiaomi,3300,5.7,Yes,720,1440,8,2000,16.0,12.0,5.0,Android,Yes,Yes,Yes,2,Yes,Yes,6499
BlackBerry,3410,5.4,Yes,1440,2560,6,3000,32.0,18.0,2.0,Android,Yes,Yes,Yes,1,Yes,Yes,19999
Panasonic,3250,5.7,Yes,720,1440,4,3000,16.0,13.0,8.0,Android,Yes,Yes,No,2,Yes,Yes,5709
Micromax,2000,4.5,Yes,480,854,4,1000,8.0,5.0,2.0,Android,Yes,Yes,Yes,2,Yes,Yes,3199
Panasonic,4000,6.19,Yes,720,1500,8,3000,32.0,13.0,8.0,Android,Yes,Yes,No,2,Yes,Yes,6990
Intex,2200,5.0,Yes,480,854,4,2000,8.0,5.0,2.0,Android,Yes,Yes,Yes,2,Yes,No,2999
Micromax,4000,5.5,Yes,720,1280,4,2000,16.0,8.0,5.0,Android,Yes,Yes,Yes,2,Yes,No,5990
Panasonic,2500,5.0,Yes,720,1280,4,3000,32.0,13.0,5.0,Android,Yes,Yes,Yes,2,Yes,Yes,5490
Intex,1750,4.0,Yes,480,800,4,1000,8.0,5.0,2.0,Android,Yes,Yes,Yes,2,Yes,Yes,2950
Samsung,2800,5.1,Yes,1080,1920,8,2000,16.0,16.0,2.0,Android,Yes,Yes,Yes,1,Yes,Yes,33999
Sony,3300,5.5,Yes,720,1280,4,3000,32.0,13.0,8.0,Android,Yes,Yes,Yes,2,Yes,Yes,73300
Gionee,2000,5.0,Yes,720,1280,4,1000,16.0,5.0,2.0,Android,Yes,Yes,Yes,2,Yes,No,4800
Yu,3930,5.5,Yes,1080,1920,8,4000,64.0,16.0,8.0,Android,Yes,Yes,Yes,2,Yes,Yes,13999
LG,2520,5.2,Yes,1080,1920,8,2000,16.0,13.0,8.0,Android,Yes,Yes,Yes,1,Yes,Yes,8000
Vivo,3700,6.39,Yes,1080,2340,8,6000,128.0,48.0,32.0,Android,Yes,Yes,Yes,2,Yes,Yes,17973
Intex,2500,5.0,Yes,720,1280,4,2000,16.0,8.0,2.0,Sailfish,Yes,Yes,Yes,2,Yes,Yes,4799
Itel,2400,5.45,Yes,720,1440,8,2000,16.0,8.0,5.0,Android,No,No,No,1,No,No,4450
Motorola,3000,5.2,Yes,1080,1920,8,3000,16.0,12.0,5.0,Android,Yes,Yes,Yes,2,Yes,Yes,10900
Samsung,3300,5.7,Yes,1080,1920,1,4000,64.0,16.0,16.0,Android,Yes,Yes,Yes,2,Yes,Yes,16999
Other,2700,5.2,Yes,720,1280,4,2000,32.0,13.0,8.0,Android,Yes,Yes,Yes,2,No,Yes,5499
Nokia,3400,6.0,Yes,1080,1920,4,2000,32.0,20.0,1.2,Windows,Yes,Yes,Yes,1,Yes,Yes,34990
Xolo,3000,5.0,Yes,720,1280,4,3000,16.0,13.0,13.0,Android,Yes,Yes,Yes,2,Yes,Yes,8499
Panasonic,4000,5.0,Yes,720,1280,4,3000,16.0,8.0,5.0,Android,Yes,Yes,Yes,2,Yes,Yes,5430
Motorola,2470,5.0,Yes,720,1280,8,2000,16.0,13.0,5.0,Android,Yes,Yes,Yes,2,Yes,Yes,16999
Xiaomi,3400,5.99,Yes,1080,2160,8,6000,64.0,12.0,5.0,Android,Yes,Yes,Yes,2,Yes,Yes,29999
Honor,3400,5.84,Yes,1080,2280,8,6000,128.0,16.0,24.0,Android,Yes,Yes,Yes,2,Yes,Yes,16990
Intex,2000,4.5,Yes,480,854,4,1000,8.0,5.0,0.3,Android,Yes,Yes,Yes,2,Yes,Yes,2700
Samsung,2600,5.1,Yes,1440,2560,8,3000,32.0,16.0,5.0,Android,Yes,Yes,Yes,1,Yes,Yes,25999
BlackBerry,2515,3.5,Yes,720,720,2,2000,16.0,8.0,2.0,BlackBerry,Yes,Yes,Yes,1,Yes,No,13899
iBall,2000,5.0,Yes,540,960,4,512,8.0,8.0,0.3,Android,Yes,Yes,Yes,2,Yes,No,3499
Swipe,2500,4.0,Yes,480,854,4,512,4.0,5.0,2.0,Android,Yes,No,Yes,2,Yes,Yes,2499
Itel,2700,5.45,Yes,720,1440,4,1000,8.0,5.0,5.0,Android,Yes,Yes,Yes,2,Yes,Yes,4999
Karbonn,2200,4.0,Yes,480,800,4,512,4.0,2.0,0.3,Android,Yes,Yes,Yes,2,Yes,No,1999
Xolo,3000,5.0,Yes,720,1280,4,2000,16.0,8.0,13.0,Android,Yes,Yes,Yes,2,Yes,Yes,7499
Zopo,2100,5.0,Yes,480,854,4,1000,16.0,5.0,2.0,Android,Yes,Yes,Yes,2,Yes,Yes,3389
Xolo,2600,5.5,Yes,720,1280,4,1000,8.0,13.0,2.0,Android,Yes,Yes,Yes,2,Yes,No,14534
Lava,2000,5.0,Yes,480,854,4,1000,8.0,5.0,2.0,Android,Yes,Yes,Yes,2,Yes,No,8999
Zen,2700,5.5,Yes,720,1280,4,1000,8.0,8.0,5.0,Android,Yes,Yes,Yes,2,Yes,Yes,3899
Vivo,4500,6.38,Yes,1080,2340,8,8000,128.0,48.0,32.0,Android,Yes,Yes,Yes,2,Yes,Yes,18599
Zopo,3000,5.5,Yes,1080,1920,8,3000,16.0,13.2,5.0,Android,Yes,Yes,Yes,1,Yes,Yes,6499
HTC,2000,4.7,Yes,540,960,8,1000,8.0,8.0,2.0,Android,Yes,Yes,Yes,2,Yes,No,9000
LG,3140,5.5,Yes,540,960,2,1000,8.0,8.0,1.3,Android,Yes,Yes,Yes,2,Yes,No,5899
Sony,2620,5.0,Yes,1080,1920,1,3000,32.0,23.0,13.0,Android,Yes,Yes,Yes,1,Yes,Yes,19990
Yu,2000,4.7,Yes,720,1280,4,2000,8.0,8.0,2.0,Android,Yes,No,Yes,2,Yes,Yes,6199
Lava,3000,5.7,Yes,720,1440,4,2000,16.0,13.0,8.0,Android,No,No,No,2,No,No,7999
Nokia,3260,5.5,Yes,1440,2560,8,6000,128.0,12.0,5.0,Android,Yes,Yes,Yes,1,Yes,Yes,13999
Other,2400,5.0,Yes,480,854,4,1000,8.0,5.0,2.0,Android,Yes,Yes,Yes,2,Yes,Yes,3950
Lenovo,3900,5.0,Yes,720,1280,4,2000,16.0,8.0,5.0,Android,Yes,Yes,Yes,2,Yes,Yes,6999
Other,4000,5.5,Yes,1080,1920,8,2000,16.0,13.0,5.0,Android,Yes,Yes,Yes,2,Yes,Yes,4999
Intex,3000,5.0,Yes,720,1280,4,1000,8.0,5.0,2.0,Android,Yes,Yes,Yes,2,Yes,No,3099
Honor,3750,6.5,Yes,1080,2340,8,4000,64.0,20.0,16.0,Android,Yes,Yes,Yes,2,Yes,Yes,9999
Karbonn,2000,5.0,Yes,540,960,4,1000,8.0,8.0,3.2,Android,Yes,Yes,Yes,2,Yes,No,8700
Other,1450,4.0,Yes,480,800,1,512,4.0,3.2,1.3,Android,Yes,Yes,Yes,2,Yes,No,3500
Lava,2800,5.5,Yes,720,1280,4,2000,32.0,8.0,5.0,Android,Yes,Yes,No,2,No,Yes,4999
HTC,3300,6.22,Yes,720,1520,8,3000,32.0,12.0,8.0,Android,Yes,Yes,No,2,Yes,Yes,7999
Lenovo,2300,5.0,Yes,720,1280,4,2000,16.0,8.0,2.0,Android,Yes,Yes,Yes,2,Yes,Yes,7300
Alcatel,2580,6.0,Yes,720,1280,4,1000,16.0,8.0,5.0,Android,Yes,Yes,Yes,2,Yes,Yes,3998
Other,3100,5.5,Yes,1080,1920,4,4000,64.0,13.0,8.0,Android,Yes,Yes,Yes,2,Yes,Yes,29124
Motorola,5000,6.2,Yes,720,1520,8,3000,32.0,12.0,8.0,Android,Yes,Yes,Yes,2,Yes,Yes,10870
Lava,2000,5.0,Yes,480,854,4,1000,8.0,5.0,2.0,Android,Yes,Yes,Yes,2,Yes,No,2999
Karbonn,4000,5.0,Yes,720,1280,4,2000,16.0,13.0,8.0,Android,Yes,Yes,Yes,1,Yes,Yes,7490
LG,2125,5.0,Yes,480,854,4,1000,8.0,5.0,5.0,Android,Yes,Yes,Yes,1,Yes,No,994
Intex,1400,4.0,Yes,480,800,1,512,4.0,2.0,0.3,Android,Yes,Yes,Yes,2,Yes,No,2399
Lava,2650,5.5,Yes,720,1280,4,2000,32.0,8.0,5.0,Android,Yes,Yes,Yes,2,Yes,No,3999
Intex,2000,4.5,Yes,480,854,4,1000,8.0,2.0,0.3,Android,Yes,Yes,Yes,2,Yes,No,4290
Videocon,2000,5.0,Yes,480,854,4,1000,8.0,5.0,2.0,Android,Yes,Yes,Yes,2,Yes,No,2799
Lenovo,2300,5.0,Yes,1080,1920,8,2000,32.0,13.0,5.0,Android,Yes,Yes,Yes,2,Yes,Yes,17499
Intex,2000,4.5,Yes,480,854,1,1000,8.0,5.0,2.0,Android,No,Yes,Yes,2,No,No,4532
Other,2000,4.0,Yes,480,800,4,1000,8.0,3.2,1.3,Android,Yes,Yes,No,2,Yes,No,2200
Panasonic,3000,5.5,Yes,1080,1920,8,3000,32.0,16.0,5.0,Android,Yes,Yes,Yes,2,Yes,Yes,10990
Intex,2500,5.0,Yes,480,854,4,1000,16.0,5.0,5.0,Android,Yes,Yes,Yes,1,No,No,4999
Karbonn,1400,4.0,Yes,480,800,4,1000,8.0,2.0,0.3,Android,Yes,Yes,No,2,Yes,Yes,3250
Xiaomi,3120,5.0,Yes,1080,1920,8,2000,16.0,13.0,5.0,Android,Yes,Yes,Yes,2,Yes,Yes,12999
iBall,2200,5.5,Yes,720,1280,4,1000,8.0,8.0,5.0,Android,Yes,Yes,Yes,2,No,No,3999
Samsung,3000,5.5,Yes,720,1280,4,2000,16.0,13.0,5.0,Android,Yes,Yes,Yes,2,Yes,Yes,6924
Vivo,3315,6.3,Yes,1080,2340,8,6000,64.0,16.0,25.0,Android,Yes,Yes,Yes,2,Yes,Yes,14229
Sony,2900,5.2,Yes,1080,1920,4,4000,32.0,19.0,13.0,Android,Yes,Yes,Yes,2,Yes,Yes,29990
Vivo,2350,5.0,Yes,540,960,4,2000,16.0,8.0,5.0,Android,Yes,Yes,Yes,2,Yes,Yes,9099
Nubia,3000,5.5,Yes,720,1280,8,3000,64.0,13.0,16.0,Android,Yes,Yes,Yes,2,Yes,Yes,7160
Lava,4120,6.1,Yes,600,1280,4,1000,16.0,8.0,5.0,Android,Yes,Yes,Yes,2,Yes,Yes,4829
Intex,1500,4.5,Yes,480,854,4,1000,8.0,2.0,0.3,Android,Yes,Yes,Yes,2,Yes,No,4750
HTC,3000,5.5,Yes,1440,2560,8,6000,128.0,12.0,16.0,Android,Yes,Yes,Yes,2,Yes,Yes,53990
Realme,4230,6.2,Yes,720,1520,8,3000,32.0,13.0,13.0,Android,Yes,Yes,Yes,2,Yes,Yes,6999
Panasonic,5000,5.5,Yes,1080,1920,8,3000,32.0,13.0,13.0,Android,Yes,Yes,Yes,2,Yes,Yes,6999
Intex,1400,4.0,Yes,480,800,2,512,8.0,0.3,0.3,Android,Yes,Yes,Yes,2,Yes,No,4299
Lava,3000,5.5,Yes,720,1280,4,3000,16.0,13.0,8.0,Android,Yes,Yes,Yes,2,Yes,Yes,8250
Motorola,3000,6.2,Yes,1080,2270,8,4000,64.0,12.0,8.0,Android,Yes,Yes,Yes,2,Yes,Yes,8961
Huawei,3000,5.84,Yes,1080,2280,8,4000,64.0,16.0,24.0,Android,Yes,Yes,Yes,2,Yes,Yes,12800
Panasonic,2300,5.0,Yes,720,1280,4,1000,16.0,8.0,5.0,Android,Yes,Yes,Yes,2,No,No,3675
Itel,2400,5.45,Yes,480,960,4,1000,8.0,5.0,2.0,Android,Yes,Yes,Yes,2,Yes,Yes,3751
Lenovo,3500,5.0,Yes,1080,1920,4,3000,32.0,13.0,8.0,Android,Yes,Yes,Yes,2,Yes,Yes,11499
Swipe,2500,5.0,Yes,720,1280,4,2000,16.0,8.0,5.0,Android,Yes,Yes,Yes,2,Yes,Yes,5999
Yu,3000,5.0,Yes,1080,1920,8,4000,32.0,13.0,8.0,Android,Yes,Yes,Yes,2,Yes,Yes,5990
Lenovo,2300,5.0,Yes,720,1280,4,2000,16.0,13.0,5.0,Android,Yes,Yes,Yes,2,Yes,Yes,5990
Micromax,2000,5.0,Yes,1080,1920,4,2000,16.0,13.0,5.0,Android,Yes,Yes,Yes,2,Yes,No,17490
Xiaomi,4000,6.39,Yes,1080,2340,8,6000,128.0,48.0,20.0,Android,Yes,Yes,Yes,2,No,No,23190
Honor,3750,6.3,Yes,1080,2340,8,4000,64.0,16.0,16.0,Android,Yes,Yes,Yes,2,Yes,Yes,18011
Other,3000,5.5,Yes,1080,1920,8,3000,32.0,13.0,13.0,Android,Yes,Yes,Yes,2,Yes,Yes,5199
Lava,2000,4.0,Yes,480,800,1,512,8.0,5.0,0.3,Android,Yes,Yes,Yes,2,Yes,No,2499
Videocon,2450,5.0,Yes,480,854,4,2000,16.0,8.0,5.0,Android,Yes,Yes,Yes,2,Yes,Yes,2999
LG,2300,4.95,Yes,1080,1920,4,2000,16.0,8.0,1.3,Android,Yes,Yes,Yes,1,Yes,Yes,12000
Micromax,3000,5.0,Yes,480,854,4,1000,8.0,5.0,2.0,Android,Yes,Yes,Yes,2,Yes,No,3995
Micromax,1400,4.0,Yes,480,800,4,1000,8.0,5.0,0.3,Android,Yes,Yes,Yes,2,Yes,No,3195
Sony,3430,5.5,Yes,2160,3840,8,3000,32.0,23.0,5.0,Android,Yes,Yes,Yes,2,Yes,Yes,57500
Micromax,5000,5.45,Yes,720,1440,4,1000,16.0,5.0,5.0,Android,Yes,Yes,Yes,2,Yes,Yes,4699
Asus,2070,5.0,Yes,720,1280,4,2000,8.0,13.0,5.0,Android,Yes,Yes,Yes,2,Yes,Yes,5990
LG,3300,6.2,Yes,1080,2160,8,4000,64.0,16.0,5.0,Android,Yes,Yes,Yes,1,No,No,16999
InFocus,2230,5.0,Yes,720,1280,4,1000,8.0,8.0,2.0,Android,Yes,Yes,Yes,2,Yes,Yes,7999
Vivo,3360,6.0,Yes,720,1440,4,3000,16.0,13.0,5.0,Android,Yes,Yes,Yes,2,Yes,Yes,8500
Huawei,4200,6.39,Yes,1440,3120,8,6000,128.0,40.0,24.0,Android,Yes,Yes,Yes,2,Yes,Yes,63990
Samsung,2600,5.0,Yes,720,1280,4,2000,16.0,8.0,5.0,Android,Yes,Yes,Yes,2,Yes,Yes,8299
Zen,2900,5.5,Yes,854,480,4,1000,8.0,5.0,2.0,Android,Yes,Yes,Yes,2,Yes,No,2999
Zopo,2500,5.0,Yes,720,1280,4,2000,16.0,13.2,5.0,Android,Yes,Yes,Yes,2,Yes,Yes,12000
Samsung,3500,6.0,Yes,720,1480,8,4000,64.0,16.0,16.0,Android,Yes,Yes,Yes,2,Yes,Yes,19990
InFocus,3000,5.5,Yes,1080,1920,10,3000,32.0,16.0,8.0,Android,Yes,Yes,Yes,2,Yes,Yes,10999
OnePlus,4000,6.67,Yes,1440,3120,8,6000,128.0,48.0,16.0,Android,Yes,Yes,Yes,2,Yes,Yes,39995
Honor,2100,4.5,Yes,480,854,4,1000,8.0,5.0,2.0,Android,Yes,Yes,Yes,2,Yes,Yes,5499
Honor,3340,5.9,Yes,1080,2160,8,4000,64.0,16.0,16.0,Android,Yes,Yes,Yes,2,Yes,Yes,8999
Micromax,4000,5.0,Yes,720,1280,1,1000,8.0,8.0,2.0,Android,Yes,Yes,Yes,1,Yes,Yes,3999
Intex,2200,5.0,Yes,1280,720,4,2000,16.0,8.0,5.0,Android,Yes,Yes,Yes,1,Yes,No,6499
Nubia,3000,5.5,Yes,720,1280,8,3000,32.0,13.0,5.0,Android,Yes,Yes,Yes,2,Yes,Yes,8999
Micromax,4000,5.0,Yes,720,1280,4,2000,8.0,8.0,2.0,Android,Yes,Yes,Yes,2,Yes,No,4290
Lenovo,2000,4.0,Yes,480,800,4,1000,8.0,5.0,0.3,Android,Yes,Yes,Yes,2,Yes,No,3549
Lava,2500,5.0,Yes,720,1280,4,1000,8.0,5.0,2.0,Android,Yes,Yes,Yes,2,Yes,Yes,3990
Vivo,3260,6.3,Yes,1080,2280,8,4000,64.0,16.0,24.0,Android,Yes,Yes,Yes,2,Yes,Yes,13740
LG,3550,6.2,Yes,1080,2248,8,6000,64.0,12.0,8.0,Android,Yes,Yes,Yes,2,Yes,Yes,39990
Intex,1700,4.5,Yes,540,960,4,2000,16.0,8.0,5.0,Android,Yes,Yes,Yes,2,Yes,No,4499
Nokia,3060,5.86,Yes,720,1520,8,3000,32.0,13.0,8.0,Android,Yes,Yes,Yes,2,Yes,Yes,6999
Lyf,3500,5.5,Yes,1080,1920,8,3000,32.0,13.0,5.0,Android,Yes,Yes,Yes,2,Yes,Yes,12999
Xolo,2100,5.0,Yes,854,480,4,1000,8.0,8.0,2.0,Android,Yes,Yes,Yes,2,Yes,No,3699
Samsung,4500,6.7,Yes,1440,3200,8,8000,128.0,12.0,10.0,Android,Yes,Yes,Yes,2,Yes,Yes,73999
Micromax,2000,5.0,Yes,720,1280,4,2000,16.0,8.0,2.0,Android,Yes,Yes,Yes,2,Yes,Yes,4050
Samsung,3000,5.5,Yes,720,1280,4,1000,8.0,13.0,5.0,Android,Yes,Yes,Yes,2,Yes,Yes,9977
Other,1700,4.5,No,480,854,4,1000,4.0,5.0,2.4,Android,Yes,Yes,Yes,2,Yes,No,7490
Sony,2300,5.0,Yes,720,1280,8,2000,16.0,13.0,8.0,Android,Yes,Yes,Yes,1,Yes,Yes,7994
HTC,2600,5.5,Yes,720,1280,8,2000,16.0,13.0,8.0,Android,Yes,Yes,Yes,2,Yes,Yes,25500
Micromax,2000,5.0,Yes,480,854,4,512,2.0,5.0,2.0,Android,Yes,Yes,Yes,2,Yes,No,2399
Oppo,5000,6.5,Yes,720,1600,8,4000,128.0,48.0,16.0,Android,Yes,Yes,Yes,2,Yes,Yes,14730
Karbonn,3300,6.0,Yes,720,1280,4,2000,16.0,8.0,5.0,Android,Yes,Yes,Yes,2,Yes,Yes,5899
Realme,5000,6.52,Yes,720,1600,8,3000,32.0,12.0,5.0,Android,Yes,Yes,Yes,2,Yes,Yes,6999
Lava,2500,5.0,Yes,720,1280,4,2000,16.0,13.0,8.0,Android,Yes,Yes,Yes,1,Yes,Yes,6999
Intex,4020,5.2,Yes,720,1280,4,3000,32.0,13.0,5.0,Android,Yes,Yes,Yes,2,No,Yes,3999
Gionee,3000,5.0,Yes,720,1280,4,2000,16.0,8.0,8.0,Android,Yes,Yes,Yes,2,Yes,Yes,4978
iBall,2150,5.0,Yes,480,854,4,1000,8.0,8.0,0.0,Android,Yes,Yes,Yes,2,Yes,No,3999
iBall,1250,3.5,Yes,320,480,1,256,0.512,2.0,0.3,Android,Yes,Yes,Yes,2,Yes,No,2499
Videocon,3000,5.0,Yes,720,1280,4,3000,32.0,13.0,5.0,Android,Yes,Yes,Yes,2,Yes,Yes,8250
Lava,2500,5.0,Yes,720,1280,4,2000,8.0,8.0,5.0,Android,Yes,Yes,Yes,2,Yes,Yes,7980
Other,5000,6.18,Yes,1080,2246,8,4000,64.0,16.0,12.0,Android,Yes,Yes,Yes,2,Yes,Yes,7999
Apple,1715,4.7,Yes,750,1334,2,2000,16.0,12.0,5.0,iOS,Yes,Yes,Yes,1,Yes,Yes,22999
Realme,4035,6.3,Yes,1080,2340,8,4000,64.0,48.0,16.0,Android,Yes,Yes,Yes,2,Yes,Yes,11999
Intex,2000,4.5,Yes,480,854,4,512,8.0,5.0,0.3,Android,Yes,Yes,Yes,2,Yes,No,2488
Asus,3450,7.0,No,1024,600,4,1000,8.0,5.0,0.3,Android,Yes,Yes,Yes,2,Yes,No,6199
Micromax,2500,5.0,Yes,720,1280,8,2000,8.0,13.0,5.0,Android,Yes,Yes,Yes,2,Yes,No,4999
Sony,3430,5.5,Yes,1080,1920,8,3000,32.0,23.0,8.0,Android,Yes,Yes,Yes,2,Yes,Yes,15990
Micromax,2500,5.0,Yes,720,1280,8,1000,8.0,13.0,2.0,Android,Yes,Yes,Yes,2,Yes,No,6199
iVoomi,4000,5.45,Yes,720,1440,4,3000,32.0,13.0,8.0,Android,Yes,Yes,Yes,2,No,Yes,4299
Motorola,4000,6.2,Yes,720,1520,8,4000,64.0,13.0,8.0,Android,Yes,Yes,Yes,2,Yes,Yes,8999
Oppo,3500,6.3,Yes,1080,2340,8,4000,64.0,16.0,16.0,Android,Yes,Yes,Yes,2,Yes,Yes,11994
iVoomi,2800,5.0,Yes,480,854,4,1000,8.0,5.0,5.0,Android,Yes,Yes,Yes,2,Yes,Yes,2999
Gionee,5000,5.0,Yes,720,1280,4,1000,8.0,8.0,2.0,Android,Yes,Yes,Yes,2,Yes,No,3490
Lyf,2920,5.5,Yes,720,1280,4,2000,16.0,8.0,2.0,Android,Yes,Yes,Yes,2,Yes,Yes,4999
Micromax,4000,6.19,Yes,720,1500,8,2000,32.0,13.0,8.0,Android,Yes,Yes,Yes,2,Yes,Yes,5899
Infinix,4350,5.98,Yes,1080,1920,8,6000,64.0,12.0,16.0,Android,Yes,Yes,Yes,2,Yes,Yes,12999
Other,3900,5.0,Yes,720,1280,4,1000,16.0,8.0,5.0,Android,Yes,Yes,Yes,2,Yes,Yes,5999
Xiaomi,4000,6.3,Yes,1080,2340,8,3000,32.0,48.0,13.0,Android,Yes,Yes,Yes,2,Yes,Yes,8649
LG,3000,5.5,Yes,1080,2160,8,3000,32.0,13.0,8.0,Android,Yes,Yes,Yes,1,No,No,8875
Meizu,4000,5.5,Yes,1080,1920,8,3000,16.0,12.0,16.0,Android,Yes,No,Yes,2,Yes,Yes,14000
Other,2000,5.0,Yes,720,1280,4,1000,4.0,8.0,2.0,Android,Yes,Yes,Yes,2,Yes,No,4999
Coolpad,4060,5.5,Yes,1080,1920,8,6000,64.0,13.0,8.0,Android,Yes,Yes,No,2,No,Yes,8999
Other,3000,5.7,Yes,720,1440,4,2000,16.0,13.0,5.0,Android,Yes,Yes,Yes,1,No,No,7900
Karbonn,4000,5.0,Yes,720,1280,4,1000,8.0,5.0,5.0,Android,Yes,Yes,Yes,2,Yes,Yes,3399
Intex,2500,5.0,Yes,720,1280,4,3000,16.0,8.0,5.0,Android,Yes,Yes,Yes,2,Yes,Yes,9300
Apple,2658,6.5,Yes,1242,2688,6,4000,64.0,12.0,7.0,iOS,Yes,Yes,Yes,2,Yes,Yes,69999
Karbonn,2000,5.0,Yes,480,854,4,1000,8.0,5.0,2.0,Android,Yes,Yes,Yes,1,Yes,Yes,5668
Vivo,5000,6.35,Yes,720,1544,8,3000,32.0,13.0,8.0,Android,Yes,Yes,Yes,2,Yes,Yes,8990
Samsung,2600,5.0,Yes,720,1280,4,1000,8.0,8.0,5.0,Android,Yes,Yes,Yes,1,Yes,Yes,4999
Intex,1700,4.0,Yes,480,800,4,768,4.0,2.0,0.3,Android,Yes,Yes,Yes,2,Yes,Yes,6500
Micromax,1850,4.5,Yes,480,854,4,1000,8.0,5.0,2.0,Android,Yes,Yes,Yes,2,Yes,Yes,3999
Samsung,4000,6.2,Yes,720,1520,8,2000,32.0,13.0,8.0,Android,Yes,Yes,Yes,2,Yes,Yes,8499
Gionee,2700,5.2,Yes,1080,1920,8,2000,16.0,13.0,8.0,Android,Yes,Yes,Yes,2,Yes,Yes,15999
Huawei,3000,5.2,Yes,1080,1920,8,3000,32.0,12.0,8.0,Android,Yes,Yes,Yes,1,Yes,Yes,39999
Google,2800,5.7,Yes,1080,2280,8,6000,64.0,16.0,8.0,Android,Yes,Yes,Yes,2,Yes,Yes,69500
HTC,2000,5.0,Yes,720,1280,8,1000,4.0,8.0,2.0,Android,Yes,Yes,Yes,2,Yes,No,7999
Asus,2070,4.5,Yes,480,854,4,1000,8.0,8.0,2.0,Android,Yes,Yes,Yes,2,Yes,Yes,4499
Asus,3000,5.5,Yes,1080,1920,8,2000,16.0,13.0,13.0,Android,Yes,Yes,Yes,2,Yes,Yes,14999
Vivo,4500,6.38,Yes,1080,2340,8,4000,128.0,16.0,32.0,Android,Yes,Yes,Yes,2,No,No,14979
BlackBerry,3000,5.5,Yes,1440,2560,4,4000,32.0,21.0,8.0,Android,Yes,Yes,Yes,1,Yes,Yes,16999
Zen,2900,5.5,Yes,480,854,4,2000,16.0,5.0,3.2,Android,Yes,Yes,Yes,2,Yes,No,3299
Intex,1400,4.0,Yes,480,800,4,512,4.0,2.0,2.0,Android,Yes,Yes,Yes,2,Yes,No,2799
Other,3340,5.7,Yes,1440,2560,8,3000,32.0,20.0,5.0,Windows,Yes,Yes,Yes,1,Yes,Yes,24999
Coolpad,3000,5.71,Yes,720,1520,8,3000,32.0,8.0,5.0,Android,Yes,Yes,No,2,No,No,4649
Honor,2550,5.0,Yes,720,1280,8,2000,8.0,13.0,5.0,Android,Yes,Yes,Yes,2,Yes,No,8999
Infinix,4000,5.5,Yes,720,1280,4,3000,16.0,13.0,5.0,Android,Yes,Yes,Yes,2,No,Yes,7499
Meizu,3000,5.45,Yes,720,1440,4,2000,16.0,13.0,8.0,Android,Yes,Yes,Yes,2,Yes,Yes,3539
LG,4000,6.4,Yes,1080,2340,8,6000,128.0,12.0,32.0,Android,Yes,Yes,Yes,1,No,No,49990
Vivo,4030,6.2,Yes,720,1580,8,3000,64.0,13.0,8.0,Android,Yes,Yes,Yes,1,No,No,9950
Panasonic,3000,5.7,Yes,720,1440,4,3000,32.0,13.0,5.0,Android,Yes,Yes,Yes,2,Yes,Yes,8999
Coolpad,4000,5.5,Yes,1080,1920,8,3000,32.0,13.0,8.0,Android,Yes,Yes,Yes,2,Yes,Yes,12639
Lava,3500,6.22,Yes,720,1520,8,3000,32.0,13.0,8.0,Android,Yes,Yes,Yes,2,No,No,8099
Panasonic,1500,4.0,Yes,480,800,4,512,4.0,3.0,0.3,Android,Yes,Yes,Yes,2,Yes,No,2990
Other,2500,5.0,Yes,480,854,4,1000,8.0,8.0,5.0,Android,Yes,Yes,No,1,Yes,Yes,3599
OnePlus,3700,6.41,Yes,1080,2340,8,6000,128.0,48.0,16.0,Android,Yes,Yes,Yes,2,Yes,Yes,29999
BlackBerry,2100,3.1,Yes,720,720,1,2000,16.0,8.0,2.0,BlackBerry,Yes,Yes,Yes,1,Yes,Yes,9899
Gionee,2670,5.45,Yes,720,1440,8,2000,16.0,8.0,5.0,Android,Yes,Yes,Yes,2,Yes,Yes,3999
Panasonic,2600,5.3,Yes,720,1280,4,2000,16.0,13.0,5.0,Android,Yes,No,Yes,2,Yes,Yes,8000
Samsung,2600,5.0,Yes,720,1280,4,1000,8.0,8.0,5.0,Android,Yes,Yes,Yes,2,Yes,Yes,4655
InFocus,2500,5.0,Yes,720,1280,4,3000,16.0,8.0,8.0,Android,Yes,Yes,Yes,2,Yes,Yes,9990
Other,2000,5.0,Yes,480,854,4,1000,8.0,5.0,2.0,Android,Yes,Yes,Yes,2,No,Yes,4105
Apple,2750,5.5,Yes,1080,1920,1,2000,16.0,12.0,5.0,iOS,Yes,Yes,Yes,1,Yes,Yes,25990
Honor,2000,5.0,Yes,720,1280,4,1000,16.0,8.0,2.0,Android,Yes,Yes,Yes,2,Yes,No,5999
Asus,3300,5.7,Yes,1440,2560,4,8000,128.0,23.0,8.0,Android,Yes,Yes,Yes,2,Yes,Yes,49999
Samsung,1800,4.3,Yes,480,800,2,512,4.0,5.0,2.0,Android,Yes,Yes,Yes,2,Yes,No,4300
Other,2500,5.0,Yes,720,1280,4,1000,8.0,8.0,2.0,Windows,Yes,Yes,No,2,Yes,Yes,4500
Samsung,3300,5.5,Yes,1080,1920,8,3000,32.0,13.0,13.0,Android,Yes,Yes,Yes,2,Yes,Yes,10500
Xolo,2500,5.0,Yes,1280,720,4,1000,8.0,8.0,5.0,Android,Yes,Yes,Yes,2,Yes,Yes,5149
HTC,2600,5.5,Yes,720,1280,8,2000,16.0,13.0,4.0,Android,Yes,Yes,Yes,2,Yes,Yes,6999
Oppo,4000,6.0,Yes,1080,1920,8,4000,64.0,16.0,16.0,Android,Yes,Yes,Yes,2,Yes,Yes,13990
Other,2900,6.0,Yes,1080,2160,4,3000,32.0,13.0,8.0,Android,Yes,Yes,Yes,2,Yes,Yes,6300
Xiaomi,3080,5.5,Yes,720,1280,8,2000,16.0,13.0,16.0,Android,Yes,Yes,Yes,2,Yes,Yes,8490
Videocon,3000,5.0,Yes,480,854,4,1000,1.0,8.0,5.0,Android,Yes,Yes,Yes,2,Yes,No,5399
Tecno,3500,6.4,Yes,1080,2340,8,6000,128.0,16.0,32.0,Android,Yes,Yes,Yes,2,Yes,Yes,12999
Lenovo,3000,4.7,Yes,540,960,4,1000,8.0,8.0,0.3,Android,Yes,Yes,Yes,2,Yes,No,6700
Samsung,2600,5.0,Yes,1080,1920,8,2000,16.0,13.0,2.0,Android,Yes,Yes,Yes,1,Yes,Yes,57915
Intex,1650,4.5,Yes,480,854,4,1000,8.0,5.0,0.3,Android,Yes,Yes,Yes,2,Yes,No,2699
Nubia,5000,6.65,Yes,1080,2340,8,8000,128.0,48.0,16.0,Android,Yes,Yes,No,2,Yes,Yes,35999
Honor,3020,5.45,Yes,720,1440,4,2000,16.0,13.0,5.0,Android,Yes,Yes,Yes,1,No,No,5999
Panasonic,2910,5.5,Yes,1080,1920,8,2000,32.0,13.0,8.0,Android,Yes,Yes,Yes,2,Yes,Yes,14990
Oppo,2500,5.0,Yes,720,1280,8,3000,16.0,13.0,8.0,Android,Yes,Yes,Yes,2,Yes,Yes,8999
Asus,3000,5.7,Yes,1080,1920,4,6000,256.0,23.0,8.0,Android,Yes,Yes,Yes,2,Yes,Yes,44999
LG,2500,5.0,Yes,720,1280,4,2000,16.0,13.0,5.0,Android,Yes,Yes,Yes,2,Yes,Yes,7450
Nokia,1650,4.3,Yes,480,800,2,1000,8.0,8.0,0.3,Windows,Yes,Yes,Yes,1,Yes,No,19660
Xiaomi,3080,5.99,Yes,720,1440,8,3000,32.0,12.0,16.0,Android,Yes,Yes,Yes,2,Yes,Yes,7999
